Index;Section;Original tax point;Enriched tax point;Section context;Property context;Waste context;Service context;Container context;Hierarchy path;Parent structure index;Confidence;Notes
9;2.2.1;Kärl 240 l (mat-/restavfall);Kärl 240 l (mat-/restavfall) [Hushåll Flerbostadshus];Hushåll;Flerbostadshus;Restavfall;;Kärl;Campingstuga/-lägenhet;8;0.72;Kontext ärvd från dokumenthierarki/strukturrubriker. | Hierarki: Campingstuga/-lägenhet
10;2.2.1;Extrakärl 190 l (restavfall);Extrakärl 190 l (restavfall) [Hushåll Flerbostadshus];Hushåll;Flerbostadshus;Restavfall;Extra;Kärl;Campingstuga/-lägenhet;8;0.90;Kontext ärvd från dokumenthierarki/strukturrubriker. | Hierarki: Campingstuga/-lägenhet
11;2.2.2;Kärl 240 l (mat-/restavfall);Kärl 240 l (mat-/restavfall) [Hushåll Flerbostadshus];Hushåll;Flerbostadshus;Restavfall;;Kärl;Campingstuga/-lägenhet;8;0.72;Kontext ärvd från dokumenthierarki/strukturrubriker. | Hierarki: Campingstuga/-lägenhet
12;2.2.2;Extrakärl 190 l (restavfall);Extrakärl 190 l (restavfall) [Hushåll Flerbostadshus];Hushåll;Flerbostadshus;Restavfall;Extra;Kärl;Campingstuga/-lägenhet;8;0.90;Kontext ärvd från dokumenthierarki/strukturrubriker. | Hierarki: Campingstuga/-lägenhet
13;2.2.3;Gemensam uppsamlingsplats för mat-/restavfall;Gemensam uppsamlingsplats för mat-/restavfall [Hushåll Flerbostadshus];Hushåll;Flerbostadshus;Restavfall;;;Campingstuga/-lägenhet;8;0.54;Kontext ärvd från dokumenthierarki/strukturrubriker. | Hierarki: Campingstuga/-lägenhet
14;2.2.3;Extra digital licens (årskostnad);Extra digital licens (årskostnad) [Hushåll Flerbostadshus Träavfall];Hushåll;Flerbostadshus;Träavfall;Extra;;Campingstuga/-lägenhet;8;0.72;Kontext ärvd från dokumenthierarki/strukturrubriker. | Hierarki: Campingstuga/-lägenhet
15;2.2.3;Fysisk nyckel, kallad fob (engångskostnad);Fysisk nyckel, kallad fob (engångskostnad) [Hushåll Flerbostadshus];Hushåll;Flerbostadshus;;;;Campingstuga/-lägenhet;8;0.36;Kontext ärvd från dokumenthierarki/strukturrubriker. | Hierarki: Campingstuga/-lägenhet
16;2.2.3;Byte av telefonnummer kopplat till licens;Byte av telefonnummer kopplat till licens [Hushåll Flerbostadshus];Hushåll;Flerbostadshus;;Byte;;Campingstuga/-lägenhet;8;0.54;Kontext ärvd från dokumenthierarki/strukturrubriker. | Hierarki: Campingstuga/-lägenhet
17;2.2.3;Kostnad för öppning av behållare;Kostnad för öppning av behållare [Hushåll Flerbostadshus];Hushåll;Flerbostadshus;;;;Campingstuga/-lägenhet;8;0.36;Kontext ärvd från dokumenthierarki/strukturrubriker. | Hierarki: Campingstuga/-lägenhet
18;2.2.4;Kärl 240 l (mat-/restavfall);Kärl 240 l (mat-/restavfall) [Hushåll Flerbostadshus];Hushåll;Flerbostadshus;Restavfall;;Kärl;Campingstuga/-lägenhet;8;0.72;Kontext ärvd från dokumenthierarki/strukturrubriker. | Hierarki: Campingstuga/-lägenhet
19;2.2.4;Kärl 370 l (restavfall);Kärl 370 l (restavfall) [Hushåll Flerbostadshus];Hushåll;Flerbostadshus;Restavfall;;Kärl;Campingstuga/-lägenhet;8;0.72;Kontext ärvd från dokumenthierarki/strukturrubriker. | Hierarki: Campingstuga/-lägenhet
20;2.2.4;Kärl 660 l (restavfall);Kärl 660 l (restavfall) [Hushåll Flerbostadshus];Hushåll;Flerbostadshus;Restavfall;;Kärl;Campingstuga/-lägenhet;8;0.72;Kontext ärvd från dokumenthierarki/strukturrubriker. | Hierarki: Campingstuga/-lägenhet
21;2.2.4;Kärl 140 l (matavfall);Kärl 140 l (matavfall) [Hushåll Flerbostadshus];Hushåll;Flerbostadshus;Matavfall;;Kärl;Campingstuga/-lägenhet;8;0.72;Kontext ärvd från dokumenthierarki/strukturrubriker. | Hierarki: Campingstuga/-lägenhet
22;2.2.4;Kärl 190 l (förpackningar);Kärl 190 l (förpackningar) [Hushåll Flerbostadshus];Hushåll;Flerbostadshus;Förpackningar;;Kärl;Campingstuga/-lägenhet;8;0.72;Kontext ärvd från dokumenthierarki/strukturrubriker. | Hierarki: Campingstuga/-lägenhet
23;2.2.4;Kärl 370 l (förpackningar);Kärl 370 l (förpackningar) [Hushåll Flerbostadshus];Hushåll;Flerbostadshus;Förpackningar;;Kärl;Campingstuga/-lägenhet;8;0.72;Kontext ärvd från dokumenthierarki/strukturrubriker. | Hierarki: Campingstuga/-lägenhet
24;2.2.4;Kärl 660 l (förpackningar);Kärl 660 l (förpackningar) [Hushåll Flerbostadshus];Hushåll;Flerbostadshus;Förpackningar;;Kärl;Campingstuga/-lägenhet;8;0.72;Kontext ärvd från dokumenthierarki/strukturrubriker. | Hierarki: Campingstuga/-lägenhet
25;2.2.4;Kärl 190 l (tidningar och returpapper);Kärl 190 l (tidningar och returpapper) [Hushåll Flerbostadshus];Hushåll;Flerbostadshus;;;Kärl;Campingstuga/-lägenhet;8;0.54;Kontext ärvd från dokumenthierarki/strukturrubriker. | Hierarki: Campingstuga/-lägenhet
26;2.2.4;Kärl 370 l (tidningar och returpapper);Kärl 370 l (tidningar och returpapper) [Hushåll Flerbostadshus];Hushåll;Flerbostadshus;;;Kärl;Campingstuga/-lägenhet;8;0.54;Kontext ärvd från dokumenthierarki/strukturrubriker. | Hierarki: Campingstuga/-lägenhet
27;2.2.4;(mat-/restavfall, förpackningar);(mat-/restavfall, förpackningar) [Hushåll Flerbostadshus];Hushåll;Flerbostadshus;Restavfall;;;Campingstuga/-lägenhet;8;0.54;Kontext ärvd från dokumenthierarki/strukturrubriker. | Hierarki: Campingstuga/-lägenhet | Kort taxarad – hierarkisk kontext är extra viktig.
28;2.2.5;Kärl 240 l (mat-/restavfall);Kärl 240 l (mat-/restavfall) [Hushåll Flerbostadshus];Hushåll;Flerbostadshus;Restavfall;;Kärl;Campingstuga/-lägenhet;8;0.72;Kontext ärvd från dokumenthierarki/strukturrubriker. | Hierarki: Campingstuga/-lägenhet
29;2.2.5;Kärl 370 l (restavfall);Kärl 370 l (restavfall) [Hushåll Flerbostadshus];Hushåll;Flerbostadshus;Restavfall;;Kärl;Campingstuga/-lägenhet;8;0.72;Kontext ärvd från dokumenthierarki/strukturrubriker. | Hierarki: Campingstuga/-lägenhet
30;2.2.5;Kärl 660 l (restavfall);Kärl 660 l (restavfall) [Hushåll Flerbostadshus];Hushåll;Flerbostadshus;Restavfall;;Kärl;Campingstuga/-lägenhet;8;0.72;Kontext ärvd från dokumenthierarki/strukturrubriker. | Hierarki: Campingstuga/-lägenhet
31;2.2.5;Kärl 140 l (matavfall);Kärl 140 l (matavfall) [Hushåll Flerbostadshus];Hushåll;Flerbostadshus;Matavfall;;Kärl;Campingstuga/-lägenhet;8;0.72;Kontext ärvd från dokumenthierarki/strukturrubriker. | Hierarki: Campingstuga/-lägenhet
32;2.2.5;Bottentömmande behållare (mat-/restavfall);Bottentömmande behållare (mat-/restavfall) [Hushåll Flerbostadshus];Hushåll;Flerbostadshus;Restavfall;;;Campingstuga/-lägenhet;8;0.54;Kontext ärvd från dokumenthierarki/strukturrubriker. | Hierarki: Campingstuga/-lägenhet
33;2.2.5;Lastväxlarflak (restavfall);Lastväxlarflak (restavfall) [Hushåll Flerbostadshus];Hushåll;Flerbostadshus;Restavfall;;;Campingstuga/-lägenhet;8;0.54;Kontext ärvd från dokumenthierarki/strukturrubriker. | Hierarki: Campingstuga/-lägenhet | Kort taxarad – hierarkisk kontext är extra viktig.
34;2.2.6;Kärl 240 l (mat-/restavfall);Kärl 240 l (mat-/restavfall) [Hushåll Flerbostadshus];Hushåll;Flerbostadshus;Restavfall;;Kärl;Campingstuga/-lägenhet;8;0.72;Kontext ärvd från dokumenthierarki/strukturrubriker. | Hierarki: Campingstuga/-lägenhet
35;2.2.6;Kärl 370 l (restavfall);Kärl 370 l (restavfall) [Hushåll Flerbostadshus];Hushåll;Flerbostadshus;Restavfall;;Kärl;Campingstuga/-lägenhet;8;0.72;Kontext ärvd från dokumenthierarki/strukturrubriker. | Hierarki: Campingstuga/-lägenhet
36;2.2.6;Kärl 660 l (restavfall);Kärl 660 l (restavfall) [Hushåll Flerbostadshus];Hushåll;Flerbostadshus;Restavfall;;Kärl;Campingstuga/-lägenhet;8;0.72;Kontext ärvd från dokumenthierarki/strukturrubriker. | Hierarki: Campingstuga/-lägenhet
37;2.2.6;Kärl 140 l (matavfall);Kärl 140 l (matavfall) [Hushåll Flerbostadshus];Hushåll;Flerbostadshus;Matavfall;;Kärl;Campingstuga/-lägenhet;8;0.72;Kontext ärvd från dokumenthierarki/strukturrubriker. | Hierarki: Campingstuga/-lägenhet
38;2.2.6;Bottentömmande behållare (mat-/restavfall);Bottentömmande behållare (mat-/restavfall) [Hushåll Flerbostadshus];Hushåll;Flerbostadshus;Restavfall;;;Campingstuga/-lägenhet;8;0.54;Kontext ärvd från dokumenthierarki/strukturrubriker. | Hierarki: Campingstuga/-lägenhet
39;2.2.6;Lastväxlarflak (restavfall);Lastväxlarflak (restavfall) [Hushåll Flerbostadshus];Hushåll;Flerbostadshus;Restavfall;;;Campingstuga/-lägenhet;8;0.54;Kontext ärvd från dokumenthierarki/strukturrubriker. | Hierarki: Campingstuga/-lägenhet | Kort taxarad – hierarkisk kontext är extra viktig.
40;2.2.7;Kärl 140 l (kontors-/returpapper);Kärl 140 l (kontors-/returpapper) [Hushåll Flerbostadshus];Hushåll;Flerbostadshus;;;Kärl;Campingstuga/-lägenhet;8;0.54;Kontext ärvd från dokumenthierarki/strukturrubriker. | Hierarki: Campingstuga/-lägenhet
41;2.2.7;Egen överlämning av förbrukat kontors-/returpapper enligt anvisning;Egen överlämning av förbrukat kontors-/returpapper enligt anvisning [Hushåll Flerbostadshus];Hushåll;Flerbostadshus;;;;Campingstuga/-lägenhet;8;0.36;Kontext ärvd från dokumenthierarki/strukturrubriker. | Hierarki: Campingstuga/-lägenhet
42;2.2.7;Egen överlämning av förbrukat matfett enligt anvisning;Egen överlämning av förbrukat matfett enligt anvisning [Hushåll Flerbostadshus];Hushåll;Flerbostadshus;;;;Campingstuga/-lägenhet;8;0.36;Kontext ärvd från dokumenthierarki/strukturrubriker. | Hierarki: Campingstuga/-lägenhet
43;2.3;Viktavgift matavfall;Viktavgift matavfall [Hushåll Flerbostadshus];Hushåll;Flerbostadshus;Matavfall;;;Campingstuga/-lägenhet;8;0.54;Kontext ärvd från dokumenthierarki/strukturrubriker. | Hierarki: Campingstuga/-lägenhet | Kort taxarad – hierarkisk kontext är extra viktig.
44;2.3;Viktavgift restavfall;Viktavgift restavfall [Hushåll Flerbostadshus];Hushåll;Flerbostadshus;Restavfall;;;Campingstuga/-lägenhet;8;0.54;Kontext ärvd från dokumenthierarki/strukturrubriker. | Hierarki: Campingstuga/-lägenhet | Kort taxarad – hierarkisk kontext är extra viktig.
45;2.3;Lyftavgift kärl;Lyftavgift kärl [Hushåll Flerbostadshus];Hushåll;Flerbostadshus;;;Kärl;Campingstuga/-lägenhet;8;0.54;Kontext ärvd från dokumenthierarki/strukturrubriker. | Hierarki: Campingstuga/-lägenhet | Kort taxarad – hierarkisk kontext är extra viktig.
46;2.4.1;Fakturavgift;Fakturavgift [Hushåll Flerbostadshus];Hushåll;Flerbostadshus;;;;Campingstuga/-lägenhet;8;0.36;Kontext ärvd från dokumenthierarki/strukturrubriker. | Hierarki: Campingstuga/-lägenhet | Kort taxarad – hierarkisk kontext är extra viktig.
47;2.4.2;Delat kärl 240 l matavfall 40 kg;Delat kärl 240 l matavfall 40 kg [Hushåll Flerbostadshus];Hushåll;Flerbostadshus;Matavfall;;Kärl;Campingstuga/-lägenhet;8;0.72;Kontext ärvd från dokumenthierarki/strukturrubriker. | Hierarki: Campingstuga/-lägenhet
48;2.4.2;Delat kärl 240 l restavfall 40 kg;Delat kärl 240 l restavfall 40 kg [Hushåll Flerbostadshus];Hushåll;Flerbostadshus;Restavfall;;Kärl;Campingstuga/-lägenhet;8;0.72;Kontext ärvd från dokumenthierarki/strukturrubriker. | Hierarki: Campingstuga/-lägenhet
49;2.4.2;Extra kärl 140 l matavfall 60 kg;Extra kärl 140 l matavfall 60 kg [Hushåll Flerbostadshus];Hushåll;Flerbostadshus;Matavfall;Extra;Kärl;Campingstuga/-lägenhet;8;0.90;Kontext ärvd från dokumenthierarki/strukturrubriker. | Hierarki: Campingstuga/-lägenhet
50;2.4.2;Extra kärl 140-190 l restavfall 60 kg;Extra kärl 140-190 l restavfall 60 kg [Hushåll Flerbostadshus];Hushåll;Flerbostadshus;Restavfall;Extra;Kärl;Campingstuga/-lägenhet;8;0.90;Kontext ärvd från dokumenthierarki/strukturrubriker. | Hierarki: Campingstuga/-lägenhet
51;2.4.2;Kärl 370 l restavfall 60 kg;Kärl 370 l restavfall 60 kg [Hushåll Flerbostadshus];Hushåll;Flerbostadshus;Restavfall;;Kärl;Campingstuga/-lägenhet;8;0.72;Kontext ärvd från dokumenthierarki/strukturrubriker. | Hierarki: Campingstuga/-lägenhet
52;2.4.2;Kärl 660 l restavfall 100 kg;Kärl 660 l restavfall 100 kg [Hushåll Flerbostadshus];Hushåll;Flerbostadshus;Restavfall;;Kärl;Campingstuga/-lägenhet;8;0.72;Kontext ärvd från dokumenthierarki/strukturrubriker. | Hierarki: Campingstuga/-lägenhet
53;2.4.3;Överfullt kärl;Överfullt kärl [Hushåll Flerbostadshus];Hushåll;Flerbostadshus;;;Kärl;Campingstuga/-lägenhet;8;0.54;Kontext ärvd från dokumenthierarki/strukturrubriker. | Hierarki: Campingstuga/-lägenhet | Kort taxarad – hierarkisk kontext är extra viktig.
54;2.4.3;Överfull bottentömmande behållare;Överfull bottentömmande behållare [Hushåll Flerbostadshus];Hushåll;Flerbostadshus;;;;Campingstuga/-lägenhet;8;0.36;Kontext ärvd från dokumenthierarki/strukturrubriker. | Hierarki: Campingstuga/-lägenhet
55;2.4.4;Byte av trasigt kärl vid oaktsamhet;Byte av trasigt kärl vid oaktsamhet [Hushåll Flerbostadshus Träavfall];Hushåll;Flerbostadshus;Träavfall;Byte;Kärl;Campingstuga/-lägenhet;8;0.90;Kontext ärvd från dokumenthierarki/strukturrubriker. | Hierarki: Campingstuga/-lägenhet
56;2.4.5;Byte/återtag av kärl en (1) ggr/år 140–240 liter;Byte/återtag av kärl en (1) ggr/år 140–240 liter [Hushåll Flerbostadshus];Hushåll;Flerbostadshus;;Byte;Kärl;Campingstuga/-lägenhet;8;0.72;Kontext ärvd från dokumenthierarki/strukturrubriker. | Hierarki: Campingstuga/-lägenhet
57;2.4.5;Byte/återtag av kärl en (1) ggr/år 370–660 liter;Byte/återtag av kärl en (1) ggr/år 370–660 liter [Hushåll Flerbostadshus];Hushåll;Flerbostadshus;;Byte;Kärl;Campingstuga/-lägenhet;8;0.72;Kontext ärvd från dokumenthierarki/strukturrubriker. | Hierarki: Campingstuga/-lägenhet
58;2.4.5;Ytterligare byte av kärl under kalenderåret;Ytterligare byte av kärl under kalenderåret [Hushåll Flerbostadshus];Hushåll;Flerbostadshus;;Byte;Kärl;Campingstuga/-lägenhet;8;0.72;Kontext ärvd från dokumenthierarki/strukturrubriker. | Hierarki: Campingstuga/-lägenhet
59;2.4.6;Kärl;Kärl [Hushåll Flerbostadshus];Hushåll;Flerbostadshus;;;Kärl;Campingstuga/-lägenhet;8;0.54;Kontext ärvd från dokumenthierarki/strukturrubriker. | Hierarki: Campingstuga/-lägenhet | Kort taxarad – hierarkisk kontext är extra viktig.
60;2.4.6;Bottentömmande behållare;Bottentömmande behållare [Hushåll Flerbostadshus];Hushåll;Flerbostadshus;;;;Campingstuga/-lägenhet;8;0.36;Kontext ärvd från dokumenthierarki/strukturrubriker. | Hierarki: Campingstuga/-lägenhet | Kort taxarad – hierarkisk kontext är extra viktig.
61;2.4.7;Kärl 140-660 L 1,5-10;Kärl 140-660 L 1,5-10 [Hushåll Flerbostadshus];Hushåll;Flerbostadshus;;;Kärl;Campingstuga/-lägenhet;8;0.54;Kontext ärvd från dokumenthierarki/strukturrubriker. | Hierarki: Campingstuga/-lägenhet
62;2.4.7;Kärl 140-660 L 10-20;Kärl 140-660 L 10-20 [Hushåll Flerbostadshus];Hushåll;Flerbostadshus;;;Kärl;Campingstuga/-lägenhet;8;0.54;Kontext ärvd från dokumenthierarki/strukturrubriker. | Hierarki: Campingstuga/-lägenhet
63;2.4.7;Kärl 140-660 L 20-30;Kärl 140-660 L 20-30 [Hushåll Flerbostadshus];Hushåll;Flerbostadshus;;;Kärl;Campingstuga/-lägenhet;8;0.54;Kontext ärvd från dokumenthierarki/strukturrubriker. | Hierarki: Campingstuga/-lägenhet
64;2.4.7;Avfallsport/dörr;Avfallsport/dörr [Hushåll Flerbostadshus];Hushåll;Flerbostadshus;;;;Campingstuga/-lägenhet;8;0.36;Kontext ärvd från dokumenthierarki/strukturrubriker. | Hierarki: Campingstuga/-lägenhet | Kort taxarad – hierarkisk kontext är extra viktig.
65;2.4.7;Låst dörr, med kod;Låst dörr, med kod [Hushåll Flerbostadshus];Hushåll;Flerbostadshus;;;;Campingstuga/-lägenhet;8;0.36;Kontext ärvd från dokumenthierarki/strukturrubriker. | Hierarki: Campingstuga/-lägenhet
66;2.4.8;Kärl 140 l matavfall;Kärl 140 l matavfall [Hushåll Flerbostadshus];Hushåll;Flerbostadshus;Matavfall;;Kärl;Campingstuga/-lägenhet;8;0.72;Kontext ärvd från dokumenthierarki/strukturrubriker. | Hierarki: Campingstuga/-lägenhet
67;2.4.8;Kärl 190 l restavfall;Kärl 190 l restavfall [Hushåll Flerbostadshus];Hushåll;Flerbostadshus;Restavfall;;Kärl;Campingstuga/-lägenhet;8;0.72;Kontext ärvd från dokumenthierarki/strukturrubriker. | Hierarki: Campingstuga/-lägenhet
68;2.4.8;Kärl 370 l restavfall;Kärl 370 l restavfall [Hushåll Flerbostadshus];Hushåll;Flerbostadshus;Restavfall;;Kärl;Campingstuga/-lägenhet;8;0.72;Kontext ärvd från dokumenthierarki/strukturrubriker. | Hierarki: Campingstuga/-lägenhet
69;2.4.8;Kärl 660 l restavfall;Kärl 660 l restavfall [Hushåll Flerbostadshus];Hushåll;Flerbostadshus;Restavfall;;Kärl;Campingstuga/-lägenhet;8;0.72;Kontext ärvd från dokumenthierarki/strukturrubriker. | Hierarki: Campingstuga/-lägenhet
70;2.4.8;Bottentömmande behållare;Bottentömmande behållare [Hushåll Flerbostadshus];Hushåll;Flerbostadshus;;;;Campingstuga/-lägenhet;8;0.36;Kontext ärvd från dokumenthierarki/strukturrubriker. | Hierarki: Campingstuga/-lägenhet | Kort taxarad – hierarkisk kontext är extra viktig.
71;2.4.9;Sidlastande fordon;Sidlastande fordon [Hushåll Flerbostadshus];Hushåll;Flerbostadshus;;;;Campingstuga/-lägenhet;8;0.36;Kontext ärvd från dokumenthierarki/strukturrubriker. | Hierarki: Campingstuga/-lägenhet | Kort taxarad – hierarkisk kontext är extra viktig.
72;2.4.9;Bottentömmande fordon;Bottentömmande fordon [Hushåll Flerbostadshus];Hushåll;Flerbostadshus;;;;Campingstuga/-lägenhet;8;0.36;Kontext ärvd från dokumenthierarki/strukturrubriker. | Hierarki: Campingstuga/-lägenhet | Kort taxarad – hierarkisk kontext är extra viktig.
73;2.4.9;Tömningsavgift per behållare;Tömningsavgift per behållare [Hushåll Flerbostadshus Hämtning/tömning];Hushåll;Flerbostadshus;;Hämtning/tömning;;Campingstuga/-lägenhet;8;0.54;Kontext ärvd från dokumenthierarki/strukturrubriker. | Hierarki: Campingstuga/-lägenhet
74;2.4.10;Betalsäck;Betalsäck [Hushåll Flerbostadshus];Hushåll;Flerbostadshus;;;Säck;Campingstuga/-lägenhet;8;0.54;Kontext ärvd från dokumenthierarki/strukturrubriker. | Hierarki: Campingstuga/-lägenhet | Kort taxarad – hierarkisk kontext är extra viktig.
75;2.4.10;Akutsäck;Akutsäck [Hushåll Flerbostadshus];Hushåll;Flerbostadshus;;;Säck;Campingstuga/-lägenhet;8;0.54;Kontext ärvd från dokumenthierarki/strukturrubriker. | Hierarki: Campingstuga/-lägenhet | Kort taxarad – hierarkisk kontext är extra viktig.
76;2.4.11;Matavfallspåsar 9 L;Matavfallspåsar 9 L [Hushåll Flerbostadshus];Hushåll;Flerbostadshus;Matavfall;;;Campingstuga/-lägenhet;8;0.54;Kontext ärvd från dokumenthierarki/strukturrubriker. | Hierarki: Campingstuga/-lägenhet
77;2.4.11;Matavfallspåsar 22 L;Matavfallspåsar 22 L [Hushåll Flerbostadshus];Hushåll;Flerbostadshus;Matavfall;;;Campingstuga/-lägenhet;8;0.54;Kontext ärvd från dokumenthierarki/strukturrubriker. | Hierarki: Campingstuga/-lägenhet
78;2.4.11;Gravitationslås till kärl;Gravitationslås till kärl [Hushåll Flerbostadshus];Hushåll;Flerbostadshus;;;Kärl;Campingstuga/-lägenhet;8;0.54;Kontext ärvd från dokumenthierarki/strukturrubriker. | Hierarki: Campingstuga/-lägenhet
79;2.4.11;Extra nyckel till gravitationslås;Extra nyckel till gravitationslås [Hushåll Flerbostadshus Träavfall];Hushåll;Flerbostadshus;Träavfall;Extra;;Campingstuga/-lägenhet;8;0.72;Kontext ärvd från dokumenthierarki/strukturrubriker. | Hierarki: Campingstuga/-lägenhet
80;2.5.1;Kommunalt avfall;Kommunalt avfall [Hushåll Flerbostadshus];Hushåll;Flerbostadshus;;;;Campingstuga/-lägenhet;8;0.36;Kontext ärvd från dokumenthierarki/strukturrubriker. | Hierarki: Campingstuga/-lägenhet | Kort taxarad – hierarkisk kontext är extra viktig.
81;2.5.1;Farligt avfall (ej uppmärkt);Farligt avfall (ej uppmärkt) [Hushåll Flerbostadshus];Hushåll;Flerbostadshus;Farligt avfall;;;Campingstuga/-lägenhet;8;0.54;Kontext ärvd från dokumenthierarki/strukturrubriker. | Hierarki: Campingstuga/-lägenhet
82;2.5.1;Farligt avfall (uppmärkt);Farligt avfall (uppmärkt) [Hushåll Flerbostadshus];Hushåll;Flerbostadshus;Farligt avfall;;;Campingstuga/-lägenhet;8;0.54;Kontext ärvd från dokumenthierarki/strukturrubriker. | Hierarki: Campingstuga/-lägenhet
83;2.5.1;Avisering av ankomst;Avisering av ankomst [Hushåll Flerbostadshus];Hushåll;Flerbostadshus;;;;Campingstuga/-lägenhet;8;0.36;Kontext ärvd från dokumenthierarki/strukturrubriker. | Hierarki: Campingstuga/-lägenhet
84;3.1;Upp till 3 m3;Upp till 3 m3 [Hushåll Flerbostadshus];Hushåll;Flerbostadshus;;;;Campingstuga/-lägenhet;8;0.36;Kontext ärvd från dokumenthierarki/strukturrubriker. | Hierarki: Campingstuga/-lägenhet
85;3.1;Mellan 3 m3 och 6 m3;Mellan 3 m3 och 6 m3 [Hushåll Flerbostadshus];Hushåll;Flerbostadshus;;;;Campingstuga/-lägenhet;8;0.36;Kontext ärvd från dokumenthierarki/strukturrubriker. | Hierarki: Campingstuga/-lägenhet
86;3.1;Mellan 6 m3 och 9 m3;Mellan 6 m3 och 9 m3 [Hushåll Flerbostadshus];Hushåll;Flerbostadshus;;;;Campingstuga/-lägenhet;8;0.36;Kontext ärvd från dokumenthierarki/strukturrubriker. | Hierarki: Campingstuga/-lägenhet
87;3.1;Tillägg per m3 över 9 m3;Tillägg per m3 över 9 m3 [Hushåll Flerbostadshus];Hushåll;Flerbostadshus;;;;Campingstuga/-lägenhet;8;0.36;Kontext ärvd från dokumenthierarki/strukturrubriker. | Hierarki: Campingstuga/-lägenhet
88;3.1;Bad-, disk- och tvättbrunn upp till 3 m3;Bad-, disk- och tvättbrunn upp till 3 m3 [Hushåll Flerbostadshus];Hushåll;Flerbostadshus;;;Brunn;Campingstuga/-lägenhet;8;0.54;Kontext ärvd från dokumenthierarki/strukturrubriker. | Hierarki: Campingstuga/-lägenhet
89;3.1;Tillägg per m3 över 3 m3;Tillägg per m3 över 3 m3 [Hushåll Flerbostadshus];Hushåll;Flerbostadshus;;;;Campingstuga/-lägenhet;8;0.36;Kontext ärvd från dokumenthierarki/strukturrubriker. | Hierarki: Campingstuga/-lägenhet
90;3.2;Dragning av extra slang vid 5-25 m;Dragning av extra slang vid 5-25 m [Hushåll Flerbostadshus Träavfall];Hushåll;Flerbostadshus;Träavfall;Extra;;Campingstuga/-lägenhet;8;0.72;Kontext ärvd från dokumenthierarki/strukturrubriker. | Hierarki: Campingstuga/-lägenhet
91;3.2;Dragning av extra slang vid 25-35 m;Dragning av extra slang vid 25-35 m [Hushåll Flerbostadshus Träavfall];Hushåll;Flerbostadshus;Träavfall;Extra;;Campingstuga/-lägenhet;8;0.72;Kontext ärvd från dokumenthierarki/strukturrubriker. | Hierarki: Campingstuga/-lägenhet
92;3.2;Dragning av extra slang vid 36-45 m;Dragning av extra slang vid 36-45 m [Hushåll Flerbostadshus Träavfall];Hushåll;Flerbostadshus;Träavfall;Extra;;Campingstuga/-lägenhet;8;0.72;Kontext ärvd från dokumenthierarki/strukturrubriker. | Hierarki: Campingstuga/-lägenhet
93;3.2;Dragning av extra slang vid 46-55 m;Dragning av extra slang vid 46-55 m [Hushåll Flerbostadshus Träavfall];Hushåll;Flerbostadshus;Träavfall;Extra;;Campingstuga/-lägenhet;8;0.72;Kontext ärvd från dokumenthierarki/strukturrubriker. | Hierarki: Campingstuga/-lägenhet
94;3.2;Hantering av brunnslock som väger 15-25 kg;Hantering av brunnslock som väger 15-25 kg [Hushåll Flerbostadshus];Hushåll;Flerbostadshus;;;Brunn;Campingstuga/-lägenhet;8;0.54;Kontext ärvd från dokumenthierarki/strukturrubriker. | Hierarki: Campingstuga/-lägenhet
95;3.2;Krav på information om tömningstid;Krav på information om tömningstid [Hushåll Flerbostadshus Hämtning/tömning];Hushåll;Flerbostadshus;;Hämtning/tömning;;Campingstuga/-lägenhet;8;0.54;Kontext ärvd från dokumenthierarki/strukturrubriker. | Hierarki: Campingstuga/-lägenhet
96;3.2;Krav på närvaro vid specificerad tömningstid;Krav på närvaro vid specificerad tömningstid [Hushåll Flerbostadshus Hämtning/tömning];Hushåll;Flerbostadshus;;Hämtning/tömning;;Campingstuga/-lägenhet;8;0.54;Kontext ärvd från dokumenthierarki/strukturrubriker. | Hierarki: Campingstuga/-lägenhet
97;3.2;Hantering av kod för kodlås vid slamtömning;Hantering av kod för kodlås vid slamtömning [Hushåll Flerbostadshus Hämtning/tömning];Hushåll;Flerbostadshus;Slam;Hämtning/tömning;;Campingstuga/-lägenhet;8;0.72;Kontext ärvd från dokumenthierarki/strukturrubriker. | Hierarki: Campingstuga/-lägenhet
98;3.2;Hetvattentvätt med spolbil, timersättning;Hetvattentvätt med spolbil, timersättning [Hushåll Flerbostadshus];Hushåll;Flerbostadshus;;;;Campingstuga/-lägenhet;8;0.36;Kontext ärvd från dokumenthierarki/strukturrubriker. | Hierarki: Campingstuga/-lägenhet
99;3.2;Tömning av extra tank/brunn i samband med ordinarie/budad tömning upp till 5 m3;Tömning av extra tank/brunn i samband med ordinarie/budad tömning upp till 5 m3 [Hushåll Flerbostadshus Träavfall Hämtning/tömning];Hushåll;Flerbostadshus;Träavfall;Hämtning/tömning;Brunn;Campingstuga/-lägenhet;8;0.90;Kontext ärvd från dokumenthierarki/strukturrubriker. | Hierarki: Campingstuga/-lägenhet
100;3.3;Budning inom ordinarie tömningsperiod (1 maj- 31 oktober);Budning inom ordinarie tömningsperiod (1 maj- 31 oktober) [Hushåll Flerbostadshus Hämtning/tömning];Hushåll;Flerbostadshus;;Hämtning/tömning;;Campingstuga/-lägenhet;8;0.54;Kontext ärvd från dokumenthierarki/strukturrubriker. | Hierarki: Campingstuga/-lägenhet
101;3.3;Budning utanför ordinarie tömningsperiod (1 nov – 30 april);Budning utanför ordinarie tömningsperiod (1 nov – 30 april) [Hushåll Flerbostadshus Hämtning/tömning];Hushåll;Flerbostadshus;;Hämtning/tömning;;Campingstuga/-lägenhet;8;0.54;Kontext ärvd från dokumenthierarki/strukturrubriker. | Hierarki: Campingstuga/-lägenhet
102;3.3;Tömning av toalettvagnar eller liknande /styck;Tömning av toalettvagnar eller liknande /styck [Hushåll Flerbostadshus Hämtning/tömning];Hushåll;Flerbostadshus;;Hämtning/tömning;;Campingstuga/-lägenhet;8;0.54;Kontext ärvd från dokumenthierarki/strukturrubriker. | Hierarki: Campingstuga/-lägenhet
103;3.4;Latrinbehållare 37 liter inkl. mottagning och behandling;Latrinbehållare 37 liter inkl. mottagning och behandling [Hushåll Flerbostadshus Mottagning/behandling];Hushåll;Flerbostadshus;;Mottagning/behandling;Latrin;Campingstuga/-lägenhet;8;0.72;Kontext ärvd från dokumenthierarki/strukturrubriker. | Hierarki: Campingstuga/-lägenhet
104;4.1;Filtermassor upp till 500 kg;Filtermassor upp till 500 kg [Hushåll Flerbostadshus];Hushåll;Flerbostadshus;;;;Campingstuga/-lägenhet;8;0.36;Kontext ärvd från dokumenthierarki/strukturrubriker. | Hierarki: Campingstuga/-lägenhet
105;4.1;Filtermassor 500-1000 kg;Filtermassor 500-1000 kg [Hushåll Flerbostadshus];Hushåll;Flerbostadshus;;;;Campingstuga/-lägenhet;8;0.36;Kontext ärvd från dokumenthierarki/strukturrubriker. | Hierarki: Campingstuga/-lägenhet
106;4.2;Krav på information om hämtningstid;Krav på information om hämtningstid [Hushåll Flerbostadshus Hämtning/tömning];Hushåll;Flerbostadshus;;Hämtning/tömning;;Campingstuga/-lägenhet;8;0.54;Kontext ärvd från dokumenthierarki/strukturrubriker. | Hierarki: Campingstuga/-lägenhet
107;4.2;Krav på närvaro vid specificerad hämtningstid;Krav på närvaro vid specificerad hämtningstid [Hushåll Flerbostadshus Hämtning/tömning];Hushåll;Flerbostadshus;;Hämtning/tömning;;Campingstuga/-lägenhet;8;0.54;Kontext ärvd från dokumenthierarki/strukturrubriker. | Hierarki: Campingstuga/-lägenhet
108;4.2;Hantering av kod för kodlås;Hantering av kod för kodlås [Hushåll Flerbostadshus];Hushåll;Flerbostadshus;;;;Campingstuga/-lägenhet;8;0.36;Kontext ärvd från dokumenthierarki/strukturrubriker. | Hierarki: Campingstuga/-lägenhet
109;5.1;Upp till 3 m3;Upp till 3 m3 [Hushåll Flerbostadshus];Hushåll;Flerbostadshus;;;;Campingstuga/-lägenhet;8;0.36;Kontext ärvd från dokumenthierarki/strukturrubriker. | Hierarki: Campingstuga/-lägenhet
110;5.1;Mellan 3 m3 och 6 m3;Mellan 3 m3 och 6 m3 [Hushåll Flerbostadshus];Hushåll;Flerbostadshus;;;;Campingstuga/-lägenhet;8;0.36;Kontext ärvd från dokumenthierarki/strukturrubriker. | Hierarki: Campingstuga/-lägenhet
111;5.1;Över 6 m3;Över 6 m3 [Hushåll Flerbostadshus];Hushåll;Flerbostadshus;;;;Campingstuga/-lägenhet;8;0.36;Kontext ärvd från dokumenthierarki/strukturrubriker. | Hierarki: Campingstuga/-lägenhet
112;5.2;Dragning av extra slang vid 5-25 m;Dragning av extra slang vid 5-25 m [Hushåll Flerbostadshus Träavfall];Hushåll;Flerbostadshus;Träavfall;Extra;;Campingstuga/-lägenhet;8;0.72;Kontext ärvd från dokumenthierarki/strukturrubriker. | Hierarki: Campingstuga/-lägenhet
113;5.2;Dragning av extra slang vid 25-35 m;Dragning av extra slang vid 25-35 m [Hushåll Flerbostadshus Träavfall];Hushåll;Flerbostadshus;Träavfall;Extra;;Campingstuga/-lägenhet;8;0.72;Kontext ärvd från dokumenthierarki/strukturrubriker. | Hierarki: Campingstuga/-lägenhet
114;5.2;Dragning av extra slang vid 36-45 m;Dragning av extra slang vid 36-45 m [Hushåll Flerbostadshus Träavfall];Hushåll;Flerbostadshus;Träavfall;Extra;;Campingstuga/-lägenhet;8;0.72;Kontext ärvd från dokumenthierarki/strukturrubriker. | Hierarki: Campingstuga/-lägenhet
115;5.2;Dragning av extra slang vid 46-55 m;Dragning av extra slang vid 46-55 m [Hushåll Flerbostadshus Träavfall];Hushåll;Flerbostadshus;Träavfall;Extra;;Campingstuga/-lägenhet;8;0.72;Kontext ärvd från dokumenthierarki/strukturrubriker. | Hierarki: Campingstuga/-lägenhet
116;5.2;Hantering av brunnslock som väger 15-25 kg;Hantering av brunnslock som väger 15-25 kg [Hushåll Flerbostadshus];Hushåll;Flerbostadshus;;;Brunn;Campingstuga/-lägenhet;8;0.54;Kontext ärvd från dokumenthierarki/strukturrubriker. | Hierarki: Campingstuga/-lägenhet
117;5.2;Krav på information om tömningstid;Krav på information om tömningstid [Hushåll Flerbostadshus Hämtning/tömning];Hushåll;Flerbostadshus;;Hämtning/tömning;;Campingstuga/-lägenhet;8;0.54;Kontext ärvd från dokumenthierarki/strukturrubriker. | Hierarki: Campingstuga/-lägenhet
118;5.2;Krav på närvaro vid specificerad tömningstid;Krav på närvaro vid specificerad tömningstid [Hushåll Flerbostadshus Hämtning/tömning];Hushåll;Flerbostadshus;;Hämtning/tömning;;Campingstuga/-lägenhet;8;0.54;Kontext ärvd från dokumenthierarki/strukturrubriker. | Hierarki: Campingstuga/-lägenhet
119;5.2;Hantering av kod för kodlås vid tömning;Hantering av kod för kodlås vid tömning [Hushåll Flerbostadshus Hämtning/tömning];Hushåll;Flerbostadshus;;Hämtning/tömning;;Campingstuga/-lägenhet;8;0.54;Kontext ärvd från dokumenthierarki/strukturrubriker. | Hierarki: Campingstuga/-lägenhet
120;5.2;Hetvattentvätt med spolbil, timersättning;Hetvattentvätt med spolbil, timersättning [Hushåll Flerbostadshus];Hushåll;Flerbostadshus;;;;Campingstuga/-lägenhet;8;0.36;Kontext ärvd från dokumenthierarki/strukturrubriker. | Hierarki: Campingstuga/-lägenhet
121;5.2;Silikontätning per lock;Silikontätning per lock [Hushåll Flerbostadshus];Hushåll;Flerbostadshus;;;;Campingstuga/-lägenhet;8;0.36;Kontext ärvd från dokumenthierarki/strukturrubriker. | Hierarki: Campingstuga/-lägenhet
122;5.2;Tömning av extra tank i samband med ordinarie/budad tömning upp till 5 m3;Tömning av extra tank i samband med ordinarie/budad tömning upp till 5 m3 [Hushåll Flerbostadshus Träavfall Hämtning/tömning];Hushåll;Flerbostadshus;Träavfall;Hämtning/tömning;;Campingstuga/-lägenhet;8;0.72;Kontext ärvd från dokumenthierarki/strukturrubriker. | Hierarki: Campingstuga/-lägenhet
123;5.3;Budning inom ordinarie tömningsperiod (1 maj- 31 oktober);Budning inom ordinarie tömningsperiod (1 maj- 31 oktober) [Hushåll Flerbostadshus Hämtning/tömning];Hushåll;Flerbostadshus;;Hämtning/tömning;;Campingstuga/-lägenhet;8;0.54;Kontext ärvd från dokumenthierarki/strukturrubriker. | Hierarki: Campingstuga/-lägenhet
124;5.3;Budning utanför ordinarie tömningsperiod;Budning utanför ordinarie tömningsperiod [Hushåll Flerbostadshus Hämtning/tömning];Hushåll;Flerbostadshus;;Hämtning/tömning;;Campingstuga/-lägenhet;8;0.54;Kontext ärvd från dokumenthierarki/strukturrubriker. | Hierarki: Campingstuga/-lägenhet
125;6.1.1;Verksamheter;Verksamheter [Hushåll];Hushåll;Verksamhet;;;;Campingstuga/-lägenhet;8;0.36;Kontext ärvd från dokumenthierarki/strukturrubriker. | Hierarki: Campingstuga/-lägenhet | Kort taxarad – hierarkisk kontext är extra viktig.
126;6.1.1;Övriga abonnemangstyper;Övriga abonnemangstyper [Hushåll Flerbostadshus];Hushåll;Flerbostadshus;;Abonnemang;;Campingstuga/-lägenhet;8;0.54;Kontext ärvd från dokumenthierarki/strukturrubriker. | Hierarki: Campingstuga/-lägenhet | Kort taxarad – hierarkisk kontext är extra viktig.
127;6.1.1;Vågkort;Vågkort [Hushåll Flerbostadshus];Hushåll;Flerbostadshus;;;;Campingstuga/-lägenhet;8;0.36;Kontext ärvd från dokumenthierarki/strukturrubriker. | Hierarki: Campingstuga/-lägenhet | Kort taxarad – hierarkisk kontext är extra viktig.
128;6.1.1;Borttappat vågkort;Borttappat vågkort [Hushåll Flerbostadshus];Hushåll;Flerbostadshus;;;;Campingstuga/-lägenhet;8;0.36;Kontext ärvd från dokumenthierarki/strukturrubriker. | Hierarki: Campingstuga/-lägenhet | Kort taxarad – hierarkisk kontext är extra viktig.
129;6.1.1;Ej redovisad ankomst till ÅVC (för företagare och privatpersoner som lämnar verksamhetsavfall utan att anmäla sin ankomst);Ej redovisad ankomst till ÅVC (för företagare och privatpersoner som lämnar verksamhetsavfall utan att anmäla sin ankomst) [Hushåll];Hushåll;Verksamhet;;;;Campingstuga/-lägenhet;8;0.36;Kontext ärvd från dokumenthierarki/strukturrubriker. | Hierarki: Campingstuga/-lägenhet
130;6.1.1;Ej redovisad eller fel redovisad fraktion av avfall;Ej redovisad eller fel redovisad fraktion av avfall [Hushåll Flerbostadshus];Hushåll;Flerbostadshus;;;;Campingstuga/-lägenhet;8;0.36;Kontext ärvd från dokumenthierarki/strukturrubriker. | Hierarki: Campingstuga/-lägenhet
131;6.1.2;Avfall till energiåtervinning (240 L sopsäck);Avfall till energiåtervinning (240 L sopsäck) [Hushåll Flerbostadshus];Hushåll;Flerbostadshus;;;Säck;Campingstuga/-lägenhet;8;0.54;Kontext ärvd från dokumenthierarki/strukturrubriker. | Hierarki: Campingstuga/-lägenhet
132;6.1.2;Avfall till energiåtervinning;Avfall till energiåtervinning [Hushåll Flerbostadshus];Hushåll;Flerbostadshus;;;;Campingstuga/-lägenhet;8;0.36;Kontext ärvd från dokumenthierarki/strukturrubriker. | Hierarki: Campingstuga/-lägenhet
133;6.1.2;Skrymmande avfall till energiåtervinning större än 20×20×80;Skrymmande avfall till energiåtervinning större än 20×20×80 [Hushåll Flerbostadshus];Hushåll;Flerbostadshus;;;;Campingstuga/-lägenhet;8;0.36;Kontext ärvd från dokumenthierarki/strukturrubriker. | Hierarki: Campingstuga/-lägenhet
134;6.1.2;Träavfall – obehandlat, utan tapet, plastmatta, tjärpapp;Träavfall – obehandlat, utan tapet, plastmatta, tjärpapp [Hushåll Flerbostadshus];Hushåll;Flerbostadshus;Träavfall;;;Campingstuga/-lägenhet;8;0.54;Kontext ärvd från dokumenthierarki/strukturrubriker. | Hierarki: Campingstuga/-lägenhet
135;6.1.2;Träavfall – behandlat, utan tapet, plastmatta, tjärpapp;Träavfall – behandlat, utan tapet, plastmatta, tjärpapp [Hushåll Flerbostadshus];Hushåll;Flerbostadshus;Träavfall;;;Campingstuga/-lägenhet;8;0.54;Kontext ärvd från dokumenthierarki/strukturrubriker. | Hierarki: Campingstuga/-lägenhet
136;6.1.2;Tryckimpregnerat virke, pall;Tryckimpregnerat virke, pall [Hushåll Flerbostadshus];Hushåll;Flerbostadshus;;;;Campingstuga/-lägenhet;8;0.36;Kontext ärvd från dokumenthierarki/strukturrubriker. | Hierarki: Campingstuga/-lägenhet
137;6.1.2;Betong, lättbetong;Betong, lättbetong [Hushåll Flerbostadshus];Hushåll;Flerbostadshus;;;;Campingstuga/-lägenhet;8;0.36;Kontext ärvd från dokumenthierarki/strukturrubriker. | Hierarki: Campingstuga/-lägenhet | Kort taxarad – hierarkisk kontext är extra viktig.
138;6.1.2;Gips, gipsskivor;Gips, gipsskivor [Hushåll Flerbostadshus];Hushåll;Flerbostadshus;Gips;;;Campingstuga/-lägenhet;8;0.54;Kontext ärvd från dokumenthierarki/strukturrubriker. | Hierarki: Campingstuga/-lägenhet | Kort taxarad – hierarkisk kontext är extra viktig.
139;6.1.2;Tegel;Tegel [Hushåll Flerbostadshus];Hushåll;Flerbostadshus;;;;Campingstuga/-lägenhet;8;0.36;Kontext ärvd från dokumenthierarki/strukturrubriker. | Hierarki: Campingstuga/-lägenhet | Kort taxarad – hierarkisk kontext är extra viktig.
140;6.1.2;Fönster- och planglas utan karm;Fönster- och planglas utan karm [Hushåll Flerbostadshus];Hushåll;Flerbostadshus;Fönster;;;Campingstuga/-lägenhet;8;0.54;Kontext ärvd från dokumenthierarki/strukturrubriker. | Hierarki: Campingstuga/-lägenhet
142;6.1.2;Plast;Plast [Verksamhetsavfall Fönster];Verksamhetsavfall;;Fönster;;;Fönster med karm;141;0.36;Kontext ärvd från dokumenthierarki/strukturrubriker. | Hierarki: Fönster med karm | Kort taxarad – hierarkisk kontext är extra viktig.
143;6.1.2;Isolering utan innehåll av asbest;Isolering utan innehåll av asbest [Verksamhetsavfall];Verksamhetsavfall;;Asbest;;;Fönster med karm;141;0.36;Kontext ärvd från dokumenthierarki/strukturrubriker. | Hierarki: Fönster med karm
144;6.1.2;Klinker, keramik, porslin;Klinker, keramik, porslin [Verksamhetsavfall Fönster];Verksamhetsavfall;;Fönster;;;Fönster med karm;141;0.36;Kontext ärvd från dokumenthierarki/strukturrubriker. | Hierarki: Fönster med karm
145;6.1.2;Handfat;Handfat [Verksamhetsavfall Fönster];Verksamhetsavfall;;Fönster;;;Fönster med karm;141;0.36;Kontext ärvd från dokumenthierarki/strukturrubriker. | Hierarki: Fönster med karm | Kort taxarad – hierarkisk kontext är extra viktig.
146;6.1.2;WC-stol;WC-stol [Verksamhetsavfall Fönster];Verksamhetsavfall;;Fönster;;;Fönster med karm;141;0.36;Kontext ärvd från dokumenthierarki/strukturrubriker. | Hierarki: Fönster med karm | Kort taxarad – hierarkisk kontext är extra viktig.
147;6.1.2;Metall;Metall [Verksamhetsavfall Fönster];Verksamhetsavfall;;Fönster;;;Fönster med karm;141;0.36;Kontext ärvd från dokumenthierarki/strukturrubriker. | Hierarki: Fönster med karm | Kort taxarad – hierarkisk kontext är extra viktig.
148;6.1.2;Textilier;Textilier [Verksamhetsavfall Fönster];Verksamhetsavfall;;Fönster;;;Fönster med karm;141;0.36;Kontext ärvd från dokumenthierarki/strukturrubriker. | Hierarki: Fönster med karm | Kort taxarad – hierarkisk kontext är extra viktig.
149;6.1.2;Fiskeredskap;Fiskeredskap [Verksamhetsavfall Fönster];Verksamhetsavfall;;Fönster;;;Fönster med karm;141;0.36;Kontext ärvd från dokumenthierarki/strukturrubriker. | Hierarki: Fönster med karm | Kort taxarad – hierarkisk kontext är extra viktig.
150;6.1.2;Ätbart fett/frityrolja;Ätbart fett/frityrolja [Verksamhetsavfall Fönster];Verksamhetsavfall;;Fönster;;;Fönster med karm;141;0.36;Kontext ärvd från dokumenthierarki/strukturrubriker. | Hierarki: Fönster med karm | Kort taxarad – hierarkisk kontext är extra viktig.
151;6.1.2;Kvistar och grenar;Kvistar och grenar [Verksamhetsavfall Fönster];Verksamhetsavfall;;Fönster;;;Fönster med karm;141;0.36;Kontext ärvd från dokumenthierarki/strukturrubriker. | Hierarki: Fönster med karm
155;6.1.2;Flera fraktioner för egen sortering på ramp (max 2 m³);Flera fraktioner för egen sortering på ramp (max 2 m³) [Verksamhetsavfall];Verksamhetsavfall;;;;;Stubbar/rötter för krossning;154;0.18;Kontext ärvd från dokumenthierarki/strukturrubriker. | Hierarki: Stubbar/rötter för krossning
156;6.1.2;Osorterat avfall till sortering (ej innehåll av farligt avfall och elavfall);Osorterat avfall till sortering (ej innehåll av farligt avfall och elavfall) [Verksamhetsavfall];Verksamhetsavfall;;Farligt avfall;;;Stubbar/rötter för krossning;154;0.36;Kontext ärvd från dokumenthierarki/strukturrubriker. | Hierarki: Stubbar/rötter för krossning
157;6.1.2;Tonerkassetter, utan elektronik/chip;Tonerkassetter, utan elektronik/chip [Verksamhetsavfall];Verksamhetsavfall;;;;;Stubbar/rötter för krossning;154;0.18;Kontext ärvd från dokumenthierarki/strukturrubriker. | Hierarki: Stubbar/rötter för krossning
158;6.1.2;Oljeemulsion, emballerat;Oljeemulsion, emballerat [Verksamhetsavfall];Verksamhetsavfall;;;;;Stubbar/rötter för krossning;154;0.18;Kontext ärvd från dokumenthierarki/strukturrubriker. | Hierarki: Stubbar/rötter för krossning | Kort taxarad – hierarkisk kontext är extra viktig.
159;6.1.2;Förorenad olja innehållande PCB;Förorenad olja innehållande PCB [Verksamhetsavfall];Verksamhetsavfall;;;;;Stubbar/rötter för krossning;154;0.18;Kontext ärvd från dokumenthierarki/strukturrubriker. | Hierarki: Stubbar/rötter för krossning
160;6.1.2;Oljeavskiljarslam;Oljeavskiljarslam [Verksamhetsavfall];Verksamhetsavfall;;Slam;;;Stubbar/rötter för krossning;154;0.36;Kontext ärvd från dokumenthierarki/strukturrubriker. | Hierarki: Stubbar/rötter för krossning | Kort taxarad – hierarkisk kontext är extra viktig.
161;6.1.2;Diesel;Diesel [Verksamhetsavfall];Verksamhetsavfall;;;;;Stubbar/rötter för krossning;154;0.18;Kontext ärvd från dokumenthierarki/strukturrubriker. | Hierarki: Stubbar/rötter för krossning | Kort taxarad – hierarkisk kontext är extra viktig.
162;6.1.2;Bensinrester;Bensinrester [Verksamhetsavfall];Verksamhetsavfall;;;;;Stubbar/rötter för krossning;154;0.18;Kontext ärvd från dokumenthierarki/strukturrubriker. | Hierarki: Stubbar/rötter för krossning | Kort taxarad – hierarkisk kontext är extra viktig.
163;6.1.2;Hydralslang, med/utan koppling;Hydralslang, med/utan koppling [Verksamhetsavfall];Verksamhetsavfall;;;;;Stubbar/rötter för krossning;154;0.18;Kontext ärvd från dokumenthierarki/strukturrubriker. | Hierarki: Stubbar/rötter för krossning
164;6.1.2;Förpackningar, tömde ej rengjorda;Förpackningar, tömde ej rengjorda [Verksamhetsavfall];Verksamhetsavfall;;Förpackningar;;;Stubbar/rötter för krossning;154;0.36;Kontext ärvd från dokumenthierarki/strukturrubriker. | Hierarki: Stubbar/rötter för krossning
165;6.1.2;Oljeavfall, fast osorterat emba;Oljeavfall, fast osorterat emba [Verksamhetsavfall];Verksamhetsavfall;;;;;Stubbar/rötter för krossning;154;0.18;Kontext ärvd från dokumenthierarki/strukturrubriker. | Hierarki: Stubbar/rötter för krossning
166;6.1.2;Absorbermedel, filtermaterial;Absorbermedel, filtermaterial [Verksamhetsavfall];Verksamhetsavfall;;;;;Stubbar/rötter för krossning;154;0.18;Kontext ärvd från dokumenthierarki/strukturrubriker. | Hierarki: Stubbar/rötter för krossning | Kort taxarad – hierarkisk kontext är extra viktig.
167;6.1.2;Oljefilter;Oljefilter [Verksamhetsavfall];Verksamhetsavfall;;;;;Stubbar/rötter för krossning;154;0.18;Kontext ärvd från dokumenthierarki/strukturrubriker. | Hierarki: Stubbar/rötter för krossning | Kort taxarad – hierarkisk kontext är extra viktig.
168;6.1.2;Bromsvätska;Bromsvätska [Verksamhetsavfall];Verksamhetsavfall;;;;;Stubbar/rötter för krossning;154;0.18;Kontext ärvd från dokumenthierarki/strukturrubriker. | Hierarki: Stubbar/rötter för krossning | Kort taxarad – hierarkisk kontext är extra viktig.
169;6.1.2;Transformator, kondensator med PCB;Transformator, kondensator med PCB [Verksamhetsavfall Träavfall];Verksamhetsavfall;;Träavfall;;;Stubbar/rötter för krossning;154;0.36;Kontext ärvd från dokumenthierarki/strukturrubriker. | Hierarki: Stubbar/rötter för krossning
170;6.1.2;Fogskum;Fogskum [Verksamhetsavfall];Verksamhetsavfall;;;;;Stubbar/rötter för krossning;154;0.18;Kontext ärvd från dokumenthierarki/strukturrubriker. | Hierarki: Stubbar/rötter för krossning | Kort taxarad – hierarkisk kontext är extra viktig.
171;6.1.2;Halon;Halon [Verksamhetsavfall];Verksamhetsavfall;;;;;Stubbar/rötter för krossning;154;0.18;Kontext ärvd från dokumenthierarki/strukturrubriker. | Hierarki: Stubbar/rötter för krossning | Kort taxarad – hierarkisk kontext är extra viktig.
172;6.1.2;Koldioxid;Koldioxid [Verksamhetsavfall];Verksamhetsavfall;;;;;Stubbar/rötter för krossning;154;0.18;Kontext ärvd från dokumenthierarki/strukturrubriker. | Hierarki: Stubbar/rötter för krossning | Kort taxarad – hierarkisk kontext är extra viktig.
173;6.1.2;Brandsläckare;Brandsläckare [Verksamhetsavfall];Verksamhetsavfall;;;;;Stubbar/rötter för krossning;154;0.18;Kontext ärvd från dokumenthierarki/strukturrubriker. | Hierarki: Stubbar/rötter för krossning | Kort taxarad – hierarkisk kontext är extra viktig.
174;6.1.2;Helium;Helium [Verksamhetsavfall];Verksamhetsavfall;;;;;Stubbar/rötter för krossning;154;0.18;Kontext ärvd från dokumenthierarki/strukturrubriker. | Hierarki: Stubbar/rötter för krossning | Kort taxarad – hierarkisk kontext är extra viktig.
175;6.1.2;Tändare;Tändare [Verksamhetsavfall];Verksamhetsavfall;;;;;Stubbar/rötter för krossning;154;0.18;Kontext ärvd från dokumenthierarki/strukturrubriker. | Hierarki: Stubbar/rötter för krossning | Kort taxarad – hierarkisk kontext är extra viktig.
176;6.1.2;Syrgas;Syrgas [Verksamhetsavfall];Verksamhetsavfall;;;;;Stubbar/rötter för krossning;154;0.18;Kontext ärvd från dokumenthierarki/strukturrubriker. | Hierarki: Stubbar/rötter för krossning | Kort taxarad – hierarkisk kontext är extra viktig.
177;6.1.2;Oxiderande fast ämne/vätska;Oxiderande fast ämne/vätska [Verksamhetsavfall];Verksamhetsavfall;;;;;Stubbar/rötter för krossning;154;0.18;Kontext ärvd från dokumenthierarki/strukturrubriker. | Hierarki: Stubbar/rötter för krossning
178;6.1.2;Klorex;Klorex [Verksamhetsavfall];Verksamhetsavfall;;;;;Stubbar/rötter för krossning;154;0.18;Kontext ärvd från dokumenthierarki/strukturrubriker. | Hierarki: Stubbar/rötter för krossning | Kort taxarad – hierarkisk kontext är extra viktig.
179;6.1.2;Aerosoler isocyanat, bekämpning;Aerosoler isocyanat, bekämpning [Verksamhetsavfall];Verksamhetsavfall;;;;;Stubbar/rötter för krossning;154;0.18;Kontext ärvd från dokumenthierarki/strukturrubriker. | Hierarki: Stubbar/rötter för krossning
180;6.1.2;Gasol inkl tub;Gasol inkl tub [Verksamhetsavfall];Verksamhetsavfall;;;;;Stubbar/rötter för krossning;154;0.18;Kontext ärvd från dokumenthierarki/strukturrubriker. | Hierarki: Stubbar/rötter för krossning
181;6.1.2;Gasol, blå programmet;Gasol, blå programmet [Verksamhetsavfall];Verksamhetsavfall;;;;;Stubbar/rötter för krossning;154;0.18;Kontext ärvd från dokumenthierarki/strukturrubriker. | Hierarki: Stubbar/rötter för krossning
182;6.1.2;Giftig organisk vätska;Giftig organisk vätska [Verksamhetsavfall];Verksamhetsavfall;;;;;Stubbar/rötter för krossning;154;0.18;Kontext ärvd från dokumenthierarki/strukturrubriker. | Hierarki: Stubbar/rötter för krossning
183;6.1.2;Småkemikalier, ej Hg-haltiga;Småkemikalier, ej Hg-haltiga [Verksamhetsavfall];Verksamhetsavfall;;;;;Stubbar/rötter för krossning;154;0.18;Kontext ärvd från dokumenthierarki/strukturrubriker. | Hierarki: Stubbar/rötter för krossning
184;6.1.2;Giftig oorganisk vätska;Giftig oorganisk vätska [Verksamhetsavfall];Verksamhetsavfall;;;;;Stubbar/rötter för krossning;154;0.18;Kontext ärvd från dokumenthierarki/strukturrubriker. | Hierarki: Stubbar/rötter för krossning
185;6.1.2;Oxidationsmedel, flytande;Oxidationsmedel, flytande [Verksamhetsavfall];Verksamhetsavfall;;;;;Stubbar/rötter för krossning;154;0.18;Kontext ärvd från dokumenthierarki/strukturrubriker. | Hierarki: Stubbar/rötter för krossning | Kort taxarad – hierarkisk kontext är extra viktig.
186;6.1.2;Asbest, emballerat;Asbest, emballerat [Verksamhetsavfall];Verksamhetsavfall;;Asbest;;;Stubbar/rötter för krossning;154;0.36;Kontext ärvd från dokumenthierarki/strukturrubriker. | Hierarki: Stubbar/rötter för krossning | Kort taxarad – hierarkisk kontext är extra viktig.
187;6.1.2;Smittförande avfall;Smittförande avfall [Verksamhetsavfall];Verksamhetsavfall;;;;;Stubbar/rötter för krossning;154;0.18;Kontext ärvd från dokumenthierarki/strukturrubriker. | Hierarki: Stubbar/rötter för krossning | Kort taxarad – hierarkisk kontext är extra viktig.
188;6.1.2;Lösningsmedel;Lösningsmedel [Verksamhetsavfall];Verksamhetsavfall;;;;;Stubbar/rötter för krossning;154;0.18;Kontext ärvd från dokumenthierarki/strukturrubriker. | Hierarki: Stubbar/rötter för krossning | Kort taxarad – hierarkisk kontext är extra viktig.
189;6.1.2;Väteperoxid;Väteperoxid [Verksamhetsavfall];Verksamhetsavfall;;;;;Stubbar/rötter för krossning;154;0.18;Kontext ärvd från dokumenthierarki/strukturrubriker. | Hierarki: Stubbar/rötter för krossning | Kort taxarad – hierarkisk kontext är extra viktig.
190;6.1.2;Flourvätesyra;Flourvätesyra [Verksamhetsavfall];Verksamhetsavfall;;;;;Stubbar/rötter för krossning;154;0.18;Kontext ärvd från dokumenthierarki/strukturrubriker. | Hierarki: Stubbar/rötter för krossning | Kort taxarad – hierarkisk kontext är extra viktig.
191;6.1.2;Svavelsyra;Svavelsyra [Verksamhetsavfall];Verksamhetsavfall;;;;;Stubbar/rötter för krossning;154;0.18;Kontext ärvd från dokumenthierarki/strukturrubriker. | Hierarki: Stubbar/rötter för krossning | Kort taxarad – hierarkisk kontext är extra viktig.
192;6.1.2;Salpetersyra;Salpetersyra [Verksamhetsavfall];Verksamhetsavfall;;;;;Stubbar/rötter för krossning;154;0.18;Kontext ärvd från dokumenthierarki/strukturrubriker. | Hierarki: Stubbar/rötter för krossning | Kort taxarad – hierarkisk kontext är extra viktig.
193;6.1.2;Surt oorganisk fast ämne;Surt oorganisk fast ämne [Verksamhetsavfall];Verksamhetsavfall;;;;;Stubbar/rötter för krossning;154;0.18;Kontext ärvd från dokumenthierarki/strukturrubriker. | Hierarki: Stubbar/rötter för krossning
194;6.1.2;Surt organisk fast ämne;Surt organisk fast ämne [Verksamhetsavfall];Verksamhetsavfall;;;;;Stubbar/rötter för krossning;154;0.18;Kontext ärvd från dokumenthierarki/strukturrubriker. | Hierarki: Stubbar/rötter för krossning
195;6.1.2;Surt oorganisk vätska;Surt oorganisk vätska [Verksamhetsavfall];Verksamhetsavfall;;;;;Stubbar/rötter för krossning;154;0.18;Kontext ärvd från dokumenthierarki/strukturrubriker. | Hierarki: Stubbar/rötter för krossning
196;6.1.2;Surt organisk vätska;Surt organisk vätska [Verksamhetsavfall];Verksamhetsavfall;;;;;Stubbar/rötter för krossning;154;0.18;Kontext ärvd från dokumenthierarki/strukturrubriker. | Hierarki: Stubbar/rötter för krossning
197;6.1.2;Ammoniaklösning;Ammoniaklösning [Verksamhetsavfall];Verksamhetsavfall;;;;;Stubbar/rötter för krossning;154;0.18;Kontext ärvd från dokumenthierarki/strukturrubriker. | Hierarki: Stubbar/rötter för krossning | Kort taxarad – hierarkisk kontext är extra viktig.
198;6.1.2;Alkaliskt avfall fast;Alkaliskt avfall fast [Verksamhetsavfall];Verksamhetsavfall;;;;;Stubbar/rötter för krossning;154;0.18;Kontext ärvd från dokumenthierarki/strukturrubriker. | Hierarki: Stubbar/rötter för krossning
199;6.1.2;Basiskt organiskt fast/flytande;Basiskt organiskt fast/flytande [Verksamhetsavfall];Verksamhetsavfall;;;;;Stubbar/rötter för krossning;154;0.18;Kontext ärvd från dokumenthierarki/strukturrubriker. | Hierarki: Stubbar/rötter för krossning
200;6.1.2;Fotokemikalier;Fotokemikalier [Verksamhetsavfall];Verksamhetsavfall;;;;;Stubbar/rötter för krossning;154;0.18;Kontext ärvd från dokumenthierarki/strukturrubriker. | Hierarki: Stubbar/rötter för krossning | Kort taxarad – hierarkisk kontext är extra viktig.
201;6.1.2;Bekämpningsmedel aerosoler;Bekämpningsmedel aerosoler [Verksamhetsavfall];Verksamhetsavfall;;;;;Stubbar/rötter för krossning;154;0.18;Kontext ärvd från dokumenthierarki/strukturrubriker. | Hierarki: Stubbar/rötter för krossning | Kort taxarad – hierarkisk kontext är extra viktig.
202;6.1.2;Bekämpningsmedel fast;Bekämpningsmedel fast [Verksamhetsavfall];Verksamhetsavfall;;;;;Stubbar/rötter för krossning;154;0.18;Kontext ärvd från dokumenthierarki/strukturrubriker. | Hierarki: Stubbar/rötter för krossning | Kort taxarad – hierarkisk kontext är extra viktig.
203;6.1.2;Bekämpningsmedel flytande;Bekämpningsmedel flytande [Verksamhetsavfall];Verksamhetsavfall;;;;;Stubbar/rötter för krossning;154;0.18;Kontext ärvd från dokumenthierarki/strukturrubriker. | Hierarki: Stubbar/rötter för krossning | Kort taxarad – hierarkisk kontext är extra viktig.
204;6.1.2;Kvicksilverhaltigt avfall;Kvicksilverhaltigt avfall [Verksamhetsavfall];Verksamhetsavfall;;;;;Stubbar/rötter för krossning;154;0.18;Kontext ärvd från dokumenthierarki/strukturrubriker. | Hierarki: Stubbar/rötter för krossning | Kort taxarad – hierarkisk kontext är extra viktig.
205;6.1.2;Kvicksilver i föremål;Kvicksilver i föremål [Verksamhetsavfall];Verksamhetsavfall;;;;;Stubbar/rötter för krossning;154;0.18;Kontext ärvd från dokumenthierarki/strukturrubriker. | Hierarki: Stubbar/rötter för krossning
206;6.1.2;Oljehaltigt avfall (ej PCB);Oljehaltigt avfall (ej PCB) [Verksamhetsavfall];Verksamhetsavfall;;;;;Stubbar/rötter för krossning;154;0.18;Kontext ärvd från dokumenthierarki/strukturrubriker. | Hierarki: Stubbar/rötter för krossning
207;6.1.2;Olja förorenad (ej PCB);Olja förorenad (ej PCB) [Verksamhetsavfall];Verksamhetsavfall;;;;;Stubbar/rötter för krossning;154;0.18;Kontext ärvd från dokumenthierarki/strukturrubriker. | Hierarki: Stubbar/rötter för krossning
208;6.1.2;Färg-, lack-, limburkar lösning;Färg-, lack-, limburkar lösning [Verksamhetsavfall];Verksamhetsavfall;;;;;Stubbar/rötter för krossning;154;0.18;Kontext ärvd från dokumenthierarki/strukturrubriker. | Hierarki: Stubbar/rötter för krossning
209;6.1.2;Färg-, lack-, limburkar lösning aerosoler;Färg-, lack-, limburkar lösning aerosoler [Verksamhetsavfall];Verksamhetsavfall;;;;;Stubbar/rötter för krossning;154;0.18;Kontext ärvd från dokumenthierarki/strukturrubriker. | Hierarki: Stubbar/rötter för krossning
210;6.1.2;Isocyanater;Isocyanater [Verksamhetsavfall];Verksamhetsavfall;;;;;Stubbar/rötter för krossning;154;0.18;Kontext ärvd från dokumenthierarki/strukturrubriker. | Hierarki: Stubbar/rötter för krossning | Kort taxarad – hierarkisk kontext är extra viktig.
211;6.1.2;Härdare metyl- etylketonperoxid;Härdare metyl- etylketonperoxid [Verksamhetsavfall];Verksamhetsavfall;;;;;Stubbar/rötter för krossning;154;0.18;Kontext ärvd från dokumenthierarki/strukturrubriker. | Hierarki: Stubbar/rötter för krossning | Kort taxarad – hierarkisk kontext är extra viktig.
212;6.1.2;Härdare dibenzoylperoxid;Härdare dibenzoylperoxid [Verksamhetsavfall];Verksamhetsavfall;;;;;Stubbar/rötter för krossning;154;0.18;Kontext ärvd från dokumenthierarki/strukturrubriker. | Hierarki: Stubbar/rötter för krossning | Kort taxarad – hierarkisk kontext är extra viktig.
213;6.1.2;Färg-,lack-, limburkar vattenbaserade;Färg-,lack-, limburkar vattenbaserade [Verksamhetsavfall];Verksamhetsavfall;;;;;Stubbar/rötter för krossning;154;0.18;Kontext ärvd från dokumenthierarki/strukturrubriker. | Hierarki: Stubbar/rötter för krossning
214;6.1.2;Tensida alkaliska flytande avfall;Tensida alkaliska flytande avfall [Verksamhetsavfall];Verksamhetsavfall;;;;;Stubbar/rötter för krossning;154;0.18;Kontext ärvd från dokumenthierarki/strukturrubriker. | Hierarki: Stubbar/rötter för krossning
215;6.1.2;Rengöring/vaskmedel fast;Rengöring/vaskmedel fast [Verksamhetsavfall];Verksamhetsavfall;;;;;Stubbar/rötter för krossning;154;0.18;Kontext ärvd från dokumenthierarki/strukturrubriker. | Hierarki: Stubbar/rötter för krossning | Kort taxarad – hierarkisk kontext är extra viktig.
216;6.1.2;Alkaliska flytande avfall;Alkaliska flytande avfall [Verksamhetsavfall];Verksamhetsavfall;;;;;Stubbar/rötter för krossning;154;0.18;Kontext ärvd från dokumenthierarki/strukturrubriker. | Hierarki: Stubbar/rötter för krossning
217;6.1.2;Cytotoxiska läkemedel, cytostat;Cytotoxiska läkemedel, cytostat [Verksamhetsavfall];Verksamhetsavfall;;;;;Stubbar/rötter för krossning;154;0.18;Kontext ärvd från dokumenthierarki/strukturrubriker. | Hierarki: Stubbar/rötter för krossning
218;6.1.2;Rökdetektor med andra isotoper;Rökdetektor med andra isotoper [Verksamhetsavfall];Verksamhetsavfall;;;;;Stubbar/rötter för krossning;154;0.18;Kontext ärvd från dokumenthierarki/strukturrubriker. | Hierarki: Stubbar/rötter för krossning
219;6.1.2;Rökdetektor med Am 241;Rökdetektor med Am 241 [Verksamhetsavfall];Verksamhetsavfall;;;;;Stubbar/rötter för krossning;154;0.18;Kontext ärvd från dokumenthierarki/strukturrubriker. | Hierarki: Stubbar/rötter för krossning
220;6.1.2;Batterier stav, pencell;Batterier stav, pencell [Verksamhetsavfall];Verksamhetsavfall;;;;;Stubbar/rötter för krossning;154;0.18;Kontext ärvd från dokumenthierarki/strukturrubriker. | Hierarki: Stubbar/rötter för krossning
221;6.1.2;Batterier lithium;Batterier lithium [Verksamhetsavfall];Verksamhetsavfall;;;;;Stubbar/rötter för krossning;154;0.18;Kontext ärvd från dokumenthierarki/strukturrubriker. | Hierarki: Stubbar/rötter för krossning | Kort taxarad – hierarkisk kontext är extra viktig.
222;6.1.2;Bil-, mcbatteri med bly;Bil-, mcbatteri med bly [Verksamhetsavfall];Verksamhetsavfall;;;;;Stubbar/rötter för krossning;154;0.18;Kontext ärvd från dokumenthierarki/strukturrubriker. | Hierarki: Stubbar/rötter för krossning
223;6.1.2;Glödlampor;Glödlampor [Verksamhetsavfall];Verksamhetsavfall;;;;;Stubbar/rötter för krossning;154;0.18;Kontext ärvd från dokumenthierarki/strukturrubriker. | Hierarki: Stubbar/rötter för krossning | Kort taxarad – hierarkisk kontext är extra viktig.
224;6.1.2;Lysrör;Lysrör [Verksamhetsavfall];Verksamhetsavfall;;;;;Stubbar/rötter för krossning;154;0.18;Kontext ärvd från dokumenthierarki/strukturrubriker. | Hierarki: Stubbar/rötter för krossning | Kort taxarad – hierarkisk kontext är extra viktig.
225;6.1.2;Elavfall, små elektronik;Elavfall, små elektronik [Verksamhetsavfall];Verksamhetsavfall;;;;;Stubbar/rötter för krossning;154;0.18;Kontext ärvd från dokumenthierarki/strukturrubriker. | Hierarki: Stubbar/rötter för krossning
226;6.1.2;El-avfall fast installation;El-avfall fast installation [Verksamhetsavfall];Verksamhetsavfall;;;;;Stubbar/rötter för krossning;154;0.18;Kontext ärvd från dokumenthierarki/strukturrubriker. | Hierarki: Stubbar/rötter för krossning
227;6.1.2;El-avfall kabel;El-avfall kabel [Verksamhetsavfall];Verksamhetsavfall;;;;;Stubbar/rötter för krossning;154;0.18;Kontext ärvd från dokumenthierarki/strukturrubriker. | Hierarki: Stubbar/rötter för krossning | Kort taxarad – hierarkisk kontext är extra viktig.
228;6.1.2;Toner, färgpatron med elektronik;Toner, färgpatron med elektronik [Verksamhetsavfall];Verksamhetsavfall;;;;;Stubbar/rötter för krossning;154;0.18;Kontext ärvd från dokumenthierarki/strukturrubriker. | Hierarki: Stubbar/rötter för krossning
229;6.1.2;Tv, radio, skärm, skrivare utan färgpatron;Tv, radio, skärm, skrivare utan färgpatron [Verksamhetsavfall];Verksamhetsavfall;;;;;Stubbar/rötter för krossning;154;0.18;Kontext ärvd från dokumenthierarki/strukturrubriker. | Hierarki: Stubbar/rötter för krossning
230;6.1.2;Kyl-, frysskåp, -box;Kyl-, frysskåp, -box [Verksamhetsavfall];Verksamhetsavfall;;;;;Stubbar/rötter för krossning;154;0.18;Kontext ärvd från dokumenthierarki/strukturrubriker. | Hierarki: Stubbar/rötter för krossning | Kort taxarad – hierarkisk kontext är extra viktig.
231;6.1.2;Kyl-, frysskåp, -box från verksamhet;Kyl-, frysskåp, -box från verksamhet [Verksamhetsavfall];Verksamhetsavfall;Verksamhet;;;;Stubbar/rötter för krossning;154;0.36;Kontext ärvd från dokumenthierarki/strukturrubriker. | Hierarki: Stubbar/rötter för krossning
232;6.1.2;Spis, tvätt-, diskmaskin;Spis, tvätt-, diskmaskin [Verksamhetsavfall];Verksamhetsavfall;;;;;Stubbar/rötter för krossning;154;0.18;Kontext ärvd från dokumenthierarki/strukturrubriker. | Hierarki: Stubbar/rötter för krossning
233;6.1.2;Spis, tvätt-, diskmaskin från verksamhet;Spis, tvätt-, diskmaskin från verksamhet [Verksamhetsavfall];Verksamhetsavfall;Verksamhet;;;;Stubbar/rötter för krossning;154;0.36;Kontext ärvd från dokumenthierarki/strukturrubriker. | Hierarki: Stubbar/rötter för krossning
234;6.1.3;Container X m3;Container X m3 [Verksamhetsavfall];Verksamhetsavfall;;;;Container;Stubbar/rötter för krossning;154;0.36;Kontext ärvd från dokumenthierarki/strukturrubriker. | Hierarki: Stubbar/rötter för krossning | Kort taxarad – hierarkisk kontext är extra viktig.
235;6.1.3;Container X m3;Container X m3 [Verksamhetsavfall];Verksamhetsavfall;;;;Container;Stubbar/rötter för krossning;154;0.36;Kontext ärvd från dokumenthierarki/strukturrubriker. | Hierarki: Stubbar/rötter för krossning | Kort taxarad – hierarkisk kontext är extra viktig.
236;6.1.3;Container X m3;Container X m3 [Verksamhetsavfall];Verksamhetsavfall;;;;Container;Stubbar/rötter för krossning;154;0.36;Kontext ärvd från dokumenthierarki/strukturrubriker. | Hierarki: Stubbar/rötter för krossning | Kort taxarad – hierarkisk kontext är extra viktig.
237;6.1.3;Omklassning av felsorterad container;Omklassning av felsorterad container [Verksamhetsavfall];Verksamhetsavfall;;;;Container;Stubbar/rötter för krossning;154;0.36;Kontext ärvd från dokumenthierarki/strukturrubriker. | Hierarki: Stubbar/rötter för krossning
238;6.1.4;Okänt farligt avfall (säkerhetsdatablad saknas);Okänt farligt avfall (säkerhetsdatablad saknas) [Verksamhetsavfall];Verksamhetsavfall;;Farligt avfall;;;Stubbar/rötter för krossning;154;0.36;Kontext ärvd från dokumenthierarki/strukturrubriker. | Hierarki: Stubbar/rötter för krossning
239;6.1.4;Ombud för rapportering av farligt avfall i Avfallsregistret;Ombud för rapportering av farligt avfall i Avfallsregistret [Verksamhetsavfall];Verksamhetsavfall;;Farligt avfall;;;Stubbar/rötter för krossning;154;0.36;Kontext ärvd från dokumenthierarki/strukturrubriker. | Hierarki: Stubbar/rötter för krossning
240;6.1.4;Administrativ rapporteringsavgift till Avfallsregistret;Administrativ rapporteringsavgift till Avfallsregistret [Verksamhetsavfall Träavfall];Verksamhetsavfall;;Träavfall;;;Stubbar/rötter för krossning;154;0.36;Kontext ärvd från dokumenthierarki/strukturrubriker. | Hierarki: Stubbar/rötter för krossning
241;6.1.4;Ombud för registrering av El-kretsen avlämnarintyg i Hämtplatsportalen;Ombud för registrering av El-kretsen avlämnarintyg i Hämtplatsportalen [Verksamhetsavfall];Verksamhetsavfall;;;;;Stubbar/rötter för krossning;154;0.18;Kontext ärvd från dokumenthierarki/strukturrubriker. | Hierarki: Stubbar/rötter för krossning
