word_tax_code;candidate_tax_code;decision;confidence;total_score;primary_reason;rejected_reason;signals
KÄ660RE52FV;KÄ660RE52FV;ACCEPT;0.9120;0.7820;"edp_exact bidrar 0.3000: Direkt träff mot Taxa_från_edp.; variant bidrar 0.1820: Samma taxefamilj men identifierade variantavvikelser.; tax_family bidrar 0.1500: Samma taxefamilj och samma variant/intervall.";;edp_exact:1.00*0.30=0.3000 | tax_family:1.00*0.15=0.1500 | variant:0.91*0.20=0.1820 | semantic_attributes:0.00*0.20=0.0000 | hierarchical_context:1.00*0.10=0.1000 | document_structure:1.00*0.05=0.0500
KÄ660RE52FV;KÄ660RE52FV;ACCEPT;0.9120;0.7820;"edp_exact bidrar 0.3000: Direkt träff mot Taxa_från_edp.; variant bidrar 0.1820: Samma taxefamilj men identifierade variantavvikelser.; tax_family bidrar 0.1500: Samma taxefamilj och samma variant/intervall.";;edp_exact:1.00*0.30=0.3000 | tax_family:1.00*0.15=0.1500 | variant:0.91*0.20=0.1820 | semantic_attributes:0.00*0.20=0.0000 | hierarchical_context:1.00*0.10=0.1000 | document_structure:1.00*0.05=0.0500
SLSLANG;SLSLANG;ACCEPT;0.8800;0.7500;"edp_exact bidrar 0.3000: Direkt träff mot Taxa_från_edp.; variant bidrar 0.2000: Samma taxefamilj och inga identifierade variantavvikelser.; tax_family bidrar 0.1500: Samma taxefamilj och samma variant/intervall.";;edp_exact:1.00*0.30=0.3000 | tax_family:1.00*0.15=0.1500 | variant:1.00*0.20=0.2000 | semantic_attributes:0.00*0.20=0.0000 | hierarchical_context:1.00*0.10=0.1000 | document_structure:0.00*0.05=0.0000
SLSLANG;SLSLANG;ACCEPT;0.8800;0.7500;"edp_exact bidrar 0.3000: Direkt träff mot Taxa_från_edp.; variant bidrar 0.2000: Samma taxefamilj och inga identifierade variantavvikelser.; tax_family bidrar 0.1500: Samma taxefamilj och samma variant/intervall.";;edp_exact:1.00*0.30=0.3000 | tax_family:1.00*0.15=0.1500 | variant:1.00*0.20=0.2000 | semantic_attributes:0.00*0.20=0.0000 | hierarchical_context:1.00*0.10=0.1000 | document_structure:0.00*0.05=0.0000
SLSLANG;SLSLANG;ACCEPT;0.8800;0.7500;"edp_exact bidrar 0.3000: Direkt träff mot Taxa_från_edp.; variant bidrar 0.2000: Samma taxefamilj och inga identifierade variantavvikelser.; tax_family bidrar 0.1500: Samma taxefamilj och samma variant/intervall.";;edp_exact:1.00*0.30=0.3000 | tax_family:1.00*0.15=0.1500 | variant:1.00*0.20=0.2000 | semantic_attributes:0.00*0.20=0.0000 | hierarchical_context:1.00*0.10=0.1000 | document_structure:0.00*0.05=0.0000
SLSLANG;SLSLANG;ACCEPT;0.8800;0.7500;"edp_exact bidrar 0.3000: Direkt träff mot Taxa_från_edp.; variant bidrar 0.2000: Samma taxefamilj och inga identifierade variantavvikelser.; tax_family bidrar 0.1500: Samma taxefamilj och samma variant/intervall.";;edp_exact:1.00*0.30=0.3000 | tax_family:1.00*0.15=0.1500 | variant:1.00*0.20=0.2000 | semantic_attributes:0.00*0.20=0.0000 | hierarchical_context:1.00*0.10=0.1000 | document_structure:0.00*0.05=0.0000
SLSLANG;SLSLANG;ACCEPT;0.8800;0.7500;"edp_exact bidrar 0.3000: Direkt träff mot Taxa_från_edp.; variant bidrar 0.2000: Samma taxefamilj och inga identifierade variantavvikelser.; tax_family bidrar 0.1500: Samma taxefamilj och samma variant/intervall.";;edp_exact:1.00*0.30=0.3000 | tax_family:1.00*0.15=0.1500 | variant:1.00*0.20=0.2000 | semantic_attributes:0.00*0.20=0.0000 | hierarchical_context:1.00*0.10=0.1000 | document_structure:0.00*0.05=0.0000
SLSLANG;SLSLANG;ACCEPT;0.8800;0.7500;"edp_exact bidrar 0.3000: Direkt träff mot Taxa_från_edp.; variant bidrar 0.2000: Samma taxefamilj och inga identifierade variantavvikelser.; tax_family bidrar 0.1500: Samma taxefamilj och samma variant/intervall.";;edp_exact:1.00*0.30=0.3000 | tax_family:1.00*0.15=0.1500 | variant:1.00*0.20=0.2000 | semantic_attributes:0.00*0.20=0.0000 | hierarchical_context:1.00*0.10=0.1000 | document_structure:0.00*0.05=0.0000
SLSLANG;SLSLANG;ACCEPT;0.8800;0.7500;"edp_exact bidrar 0.3000: Direkt träff mot Taxa_från_edp.; variant bidrar 0.2000: Samma taxefamilj och inga identifierade variantavvikelser.; tax_family bidrar 0.1500: Samma taxefamilj och samma variant/intervall.";;edp_exact:1.00*0.30=0.3000 | tax_family:1.00*0.15=0.1500 | variant:1.00*0.20=0.2000 | semantic_attributes:0.00*0.20=0.0000 | hierarchical_context:1.00*0.10=0.1000 | document_structure:0.00*0.05=0.0000
SLSLANG;SLSLANG;ACCEPT;0.8800;0.7500;"edp_exact bidrar 0.3000: Direkt träff mot Taxa_från_edp.; variant bidrar 0.2000: Samma taxefamilj och inga identifierade variantavvikelser.; tax_family bidrar 0.1500: Samma taxefamilj och samma variant/intervall.";;edp_exact:1.00*0.30=0.3000 | tax_family:1.00*0.15=0.1500 | variant:1.00*0.20=0.2000 | semantic_attributes:0.00*0.20=0.0000 | hierarchical_context:1.00*0.10=0.1000 | document_structure:0.00*0.05=0.0000
SLSLANG;SLSLANG;ACCEPT;0.8800;0.7500;"edp_exact bidrar 0.3000: Direkt träff mot Taxa_från_edp.; variant bidrar 0.2000: Samma taxefamilj och inga identifierade variantavvikelser.; tax_family bidrar 0.1500: Samma taxefamilj och samma variant/intervall.";;edp_exact:1.00*0.30=0.3000 | tax_family:1.00*0.15=0.1500 | variant:1.00*0.20=0.2000 | semantic_attributes:0.00*0.20=0.0000 | hierarchical_context:1.00*0.10=0.1000 | document_structure:0.00*0.05=0.0000
SLSLANG;SLSLANG;ACCEPT;0.8800;0.7500;"edp_exact bidrar 0.3000: Direkt träff mot Taxa_från_edp.; variant bidrar 0.2000: Samma taxefamilj och inga identifierade variantavvikelser.; tax_family bidrar 0.1500: Samma taxefamilj och samma variant/intervall.";;edp_exact:1.00*0.30=0.3000 | tax_family:1.00*0.15=0.1500 | variant:1.00*0.20=0.2000 | semantic_attributes:0.00*0.20=0.0000 | hierarchical_context:1.00*0.10=0.1000 | document_structure:0.00*0.05=0.0000
SLSLANG;SLSLANG;ACCEPT;0.8800;0.7500;"edp_exact bidrar 0.3000: Direkt träff mot Taxa_från_edp.; variant bidrar 0.2000: Samma taxefamilj och inga identifierade variantavvikelser.; tax_family bidrar 0.1500: Samma taxefamilj och samma variant/intervall.";;edp_exact:1.00*0.30=0.3000 | tax_family:1.00*0.15=0.1500 | variant:1.00*0.20=0.2000 | semantic_attributes:0.00*0.20=0.0000 | hierarchical_context:1.00*0.10=0.1000 | document_structure:0.00*0.05=0.0000
SLSLANG;SLSLANG;ACCEPT;0.8800;0.7500;"edp_exact bidrar 0.3000: Direkt träff mot Taxa_från_edp.; variant bidrar 0.2000: Samma taxefamilj och inga identifierade variantavvikelser.; tax_family bidrar 0.1500: Samma taxefamilj och samma variant/intervall.";;edp_exact:1.00*0.30=0.3000 | tax_family:1.00*0.15=0.1500 | variant:1.00*0.20=0.2000 | semantic_attributes:0.00*0.20=0.0000 | hierarchical_context:1.00*0.10=0.1000 | document_structure:0.00*0.05=0.0000
SLSLANG;SLSLANG;ACCEPT;0.8800;0.7500;"edp_exact bidrar 0.3000: Direkt träff mot Taxa_från_edp.; variant bidrar 0.2000: Samma taxefamilj och inga identifierade variantavvikelser.; tax_family bidrar 0.1500: Samma taxefamilj och samma variant/intervall.";;edp_exact:1.00*0.30=0.3000 | tax_family:1.00*0.15=0.1500 | variant:1.00*0.20=0.2000 | semantic_attributes:0.00*0.20=0.0000 | hierarchical_context:1.00*0.10=0.1000 | document_structure:0.00*0.05=0.0000
KÄ660RE52FV;KÄ660RE52FV;ACCEPT;0.8620;0.7320;"edp_exact bidrar 0.3000: Direkt träff mot Taxa_från_edp.; variant bidrar 0.1820: Samma taxefamilj men identifierade variantavvikelser.; tax_family bidrar 0.1500: Samma taxefamilj och samma variant/intervall.";;edp_exact:1.00*0.30=0.3000 | tax_family:1.00*0.15=0.1500 | variant:0.91*0.20=0.1820 | semantic_attributes:0.00*0.20=0.0000 | hierarchical_context:1.00*0.10=0.1000 | document_structure:0.00*0.05=0.0000
KÄ660RE52FV;KÄ660RE52FV;ACCEPT;0.8620;0.7320;"edp_exact bidrar 0.3000: Direkt träff mot Taxa_från_edp.; variant bidrar 0.1820: Samma taxefamilj men identifierade variantavvikelser.; tax_family bidrar 0.1500: Samma taxefamilj och samma variant/intervall.";;edp_exact:1.00*0.30=0.3000 | tax_family:1.00*0.15=0.1500 | variant:0.91*0.20=0.1820 | semantic_attributes:0.00*0.20=0.0000 | hierarchical_context:1.00*0.10=0.1000 | document_structure:0.00*0.05=0.0000
KÄ660RE52FV;KÄ660RE52FV;ACCEPT;0.8620;0.7320;"edp_exact bidrar 0.3000: Direkt träff mot Taxa_från_edp.; variant bidrar 0.1820: Samma taxefamilj men identifierade variantavvikelser.; tax_family bidrar 0.1500: Samma taxefamilj och samma variant/intervall.";;edp_exact:1.00*0.30=0.3000 | tax_family:1.00*0.15=0.1500 | variant:0.91*0.20=0.1820 | semantic_attributes:0.00*0.20=0.0000 | hierarchical_context:1.00*0.10=0.1000 | document_structure:0.00*0.05=0.0000
KÄ660RE52FV;KÄ660RE52FV;ACCEPT;0.8620;0.7320;"edp_exact bidrar 0.3000: Direkt träff mot Taxa_från_edp.; variant bidrar 0.1820: Samma taxefamilj men identifierade variantavvikelser.; tax_family bidrar 0.1500: Samma taxefamilj och samma variant/intervall.";;edp_exact:1.00*0.30=0.3000 | tax_family:1.00*0.15=0.1500 | variant:0.91*0.20=0.1820 | semantic_attributes:0.00*0.20=0.0000 | hierarchical_context:1.00*0.10=0.1000 | document_structure:0.00*0.05=0.0000
KÄ660RE52FV;KÄ660RE52FV;ACCEPT;0.8620;0.7320;"edp_exact bidrar 0.3000: Direkt träff mot Taxa_från_edp.; variant bidrar 0.1820: Samma taxefamilj men identifierade variantavvikelser.; tax_family bidrar 0.1500: Samma taxefamilj och samma variant/intervall.";;edp_exact:1.00*0.30=0.3000 | tax_family:1.00*0.15=0.1500 | variant:0.91*0.20=0.1820 | semantic_attributes:0.00*0.20=0.0000 | hierarchical_context:1.00*0.10=0.1000 | document_structure:0.00*0.05=0.0000
SLT03SLBUD;SLT03SLBUD;ACCEPT;0.7900;0.6600;"edp_exact bidrar 0.3000: Direkt träff mot Taxa_från_edp.; tax_family bidrar 0.1500: Samma taxefamilj och samma variant/intervall.; variant bidrar 0.1100: Samma taxefamilj men identifierade variantavvikelser.";;edp_exact:1.00*0.30=0.3000 | tax_family:1.00*0.15=0.1500 | variant:0.55*0.20=0.1100 | semantic_attributes:0.00*0.20=0.0000 | hierarchical_context:1.00*0.10=0.1000 | document_structure:0.00*0.05=0.0000
SLT03SLORD;SLT03SLORD;ACCEPT;0.7900;0.6600;"edp_exact bidrar 0.3000: Direkt träff mot Taxa_från_edp.; tax_family bidrar 0.1500: Samma taxefamilj och samma variant/intervall.; variant bidrar 0.1100: Samma taxefamilj men identifierade variantavvikelser.";;edp_exact:1.00*0.30=0.3000 | tax_family:1.00*0.15=0.1500 | variant:0.55*0.20=0.1100 | semantic_attributes:0.00*0.20=0.0000 | hierarchical_context:1.00*0.10=0.1000 | document_structure:0.00*0.05=0.0000
SLT36SLBUD;SLT36SLBUD;ACCEPT;0.7900;0.6600;"edp_exact bidrar 0.3000: Direkt träff mot Taxa_från_edp.; tax_family bidrar 0.1500: Samma taxefamilj och samma variant/intervall.; variant bidrar 0.1100: Samma taxefamilj men identifierade variantavvikelser.";;edp_exact:1.00*0.30=0.3000 | tax_family:1.00*0.15=0.1500 | variant:0.55*0.20=0.1100 | semantic_attributes:0.00*0.20=0.0000 | hierarchical_context:1.00*0.10=0.1000 | document_structure:0.00*0.05=0.0000
SLT36SLORD;SLT36SLORD;ACCEPT;0.7900;0.6600;"edp_exact bidrar 0.3000: Direkt träff mot Taxa_från_edp.; tax_family bidrar 0.1500: Samma taxefamilj och samma variant/intervall.; variant bidrar 0.1100: Samma taxefamilj men identifierade variantavvikelser.";;edp_exact:1.00*0.30=0.3000 | tax_family:1.00*0.15=0.1500 | variant:0.55*0.20=0.1100 | semantic_attributes:0.00*0.20=0.0000 | hierarchical_context:1.00*0.10=0.1000 | document_structure:0.00*0.05=0.0000
SLT03SL;SLT03SL;ACCEPT;0.7900;0.6600;"edp_exact bidrar 0.3000: Direkt träff mot Taxa_från_edp.; tax_family bidrar 0.1500: Samma taxefamilj och samma variant/intervall.; variant bidrar 0.1100: Samma taxefamilj men identifierade variantavvikelser.";;edp_exact:1.00*0.30=0.3000 | tax_family:1.00*0.15=0.1500 | variant:0.55*0.20=0.1100 | semantic_attributes:0.00*0.20=0.0000 | hierarchical_context:1.00*0.10=0.1000 | document_structure:0.00*0.05=0.0000
SLT36SL;SLT36SL;ACCEPT;0.7900;0.6600;"edp_exact bidrar 0.3000: Direkt träff mot Taxa_från_edp.; tax_family bidrar 0.1500: Samma taxefamilj och samma variant/intervall.; variant bidrar 0.1100: Samma taxefamilj men identifierade variantavvikelser.";;edp_exact:1.00*0.30=0.3000 | tax_family:1.00*0.15=0.1500 | variant:0.55*0.20=0.1100 | semantic_attributes:0.00*0.20=0.0000 | hierarchical_context:1.00*0.10=0.1000 | document_structure:0.00*0.05=0.0000
NYMAT;NYMAT;REVIEW;0.5700;0.4900;"edp_exact bidrar 0.3000: Direkt träff mot Taxa_från_edp.; hierarchical_context bidrar 0.1000: Samma hierarkiska kontext.; variant bidrar 0.0900: Olika taxefamiljer. Variantjämförelse ska inte användas som match.";;edp_exact:1.00*0.30=0.3000 | tax_family:0.00*0.15=0.0000 | variant:0.45*0.20=0.0900 | semantic_attributes:0.00*0.20=0.0000 | hierarchical_context:1.00*0.10=0.1000 | document_structure:0.00*0.05=0.0000
GROVBUD;GROVBUD;REVIEW;0.5700;0.4900;"edp_exact bidrar 0.3000: Direkt träff mot Taxa_från_edp.; hierarchical_context bidrar 0.1000: Samma hierarkiska kontext.; variant bidrar 0.0900: Olika taxefamiljer. Variantjämförelse ska inte användas som match.";;edp_exact:1.00*0.30=0.3000 | tax_family:0.00*0.15=0.0000 | variant:0.45*0.20=0.0900 | semantic_attributes:0.00*0.20=0.0000 | hierarchical_context:1.00*0.10=0.1000 | document_structure:0.00*0.05=0.0000
MB1600MA26;MB1600MA26;REVIEW;0.5700;0.4900;"edp_exact bidrar 0.3000: Direkt träff mot Taxa_från_edp.; hierarchical_context bidrar 0.1000: Samma hierarkiska kontext.; variant bidrar 0.0900: Olika taxefamiljer. Variantjämförelse ska inte användas som match.";;edp_exact:1.00*0.30=0.3000 | tax_family:0.00*0.15=0.0000 | variant:0.45*0.20=0.0900 | semantic_attributes:0.00*0.20=0.0000 | hierarchical_context:1.00*0.10=0.1000 | document_structure:0.00*0.05=0.0000
MB1600MA26;MB1600MA26;REVIEW;0.5700;0.4900;"edp_exact bidrar 0.3000: Direkt träff mot Taxa_från_edp.; hierarchical_context bidrar 0.1000: Samma hierarkiska kontext.; variant bidrar 0.0900: Olika taxefamiljer. Variantjämförelse ska inte användas som match.";;edp_exact:1.00*0.30=0.3000 | tax_family:0.00*0.15=0.0000 | variant:0.45*0.20=0.0900 | semantic_attributes:0.00*0.20=0.0000 | hierarchical_context:1.00*0.10=0.1000 | document_structure:0.00*0.05=0.0000
MB1600MA26;MB1600MA26;REVIEW;0.5700;0.4900;"edp_exact bidrar 0.3000: Direkt träff mot Taxa_från_edp.; hierarchical_context bidrar 0.1000: Samma hierarkiska kontext.; variant bidrar 0.0900: Olika taxefamiljer. Variantjämförelse ska inte användas som match.";;edp_exact:1.00*0.30=0.3000 | tax_family:0.00*0.15=0.0000 | variant:0.45*0.20=0.0900 | semantic_attributes:0.00*0.20=0.0000 | hierarchical_context:1.00*0.10=0.1000 | document_structure:0.00*0.05=0.0000
ÅBEHGF;ÅBEHGF;REVIEW;0.5700;0.4900;"edp_exact bidrar 0.3000: Direkt träff mot Taxa_från_edp.; hierarchical_context bidrar 0.1000: Samma hierarkiska kontext.; variant bidrar 0.0900: Olika taxefamiljer. Variantjämförelse ska inte användas som match.";;edp_exact:1.00*0.30=0.3000 | tax_family:0.00*0.15=0.0000 | variant:0.45*0.20=0.0900 | semantic_attributes:0.00*0.20=0.0000 | hierarchical_context:1.00*0.10=0.1000 | document_structure:0.00*0.05=0.0000
ÅBEHGO;ÅBEHGO;REVIEW;0.5700;0.4900;"edp_exact bidrar 0.3000: Direkt träff mot Taxa_från_edp.; hierarchical_context bidrar 0.1000: Samma hierarkiska kontext.; variant bidrar 0.0900: Olika taxefamiljer. Variantjämförelse ska inte användas som match.";;edp_exact:1.00*0.30=0.3000 | tax_family:0.00*0.15=0.0000 | variant:0.45*0.20=0.0900 | semantic_attributes:0.00*0.20=0.0000 | hierarchical_context:1.00*0.10=0.1000 | document_structure:0.00*0.05=0.0000
ÅBEHME;ÅBEHME;REVIEW;0.5700;0.4900;"edp_exact bidrar 0.3000: Direkt träff mot Taxa_från_edp.; hierarchical_context bidrar 0.1000: Samma hierarkiska kontext.; variant bidrar 0.0900: Olika taxefamiljer. Variantjämförelse ska inte användas som match.";;edp_exact:1.00*0.30=0.3000 | tax_family:0.00*0.15=0.0000 | variant:0.45*0.20=0.0900 | semantic_attributes:0.00*0.20=0.0000 | hierarchical_context:1.00*0.10=0.1000 | document_structure:0.00*0.05=0.0000
ÅBEHPA;ÅBEHPA;REVIEW;0.5700;0.4900;"edp_exact bidrar 0.3000: Direkt träff mot Taxa_från_edp.; hierarchical_context bidrar 0.1000: Samma hierarkiska kontext.; variant bidrar 0.0900: Olika taxefamiljer. Variantjämförelse ska inte användas som match.";;edp_exact:1.00*0.30=0.3000 | tax_family:0.00*0.15=0.0000 | variant:0.45*0.20=0.0900 | semantic_attributes:0.00*0.20=0.0000 | hierarchical_context:1.00*0.10=0.1000 | document_structure:0.00*0.05=0.0000
ÅBEHPL;ÅBEHPL;REVIEW;0.5700;0.4900;"edp_exact bidrar 0.3000: Direkt träff mot Taxa_från_edp.; hierarchical_context bidrar 0.1000: Samma hierarkiska kontext.; variant bidrar 0.0900: Olika taxefamiljer. Variantjämförelse ska inte användas som match.";;edp_exact:1.00*0.30=0.3000 | tax_family:0.00*0.15=0.0000 | variant:0.45*0.20=0.0900 | semantic_attributes:0.00*0.20=0.0000 | hierarchical_context:1.00*0.10=0.1000 | document_structure:0.00*0.05=0.0000
ÅTÖMGF;ÅTÖMGF;REVIEW;0.5700;0.4900;"edp_exact bidrar 0.3000: Direkt träff mot Taxa_från_edp.; hierarchical_context bidrar 0.1000: Samma hierarkiska kontext.; variant bidrar 0.0900: Olika taxefamiljer. Variantjämförelse ska inte användas som match.";;edp_exact:1.00*0.30=0.3000 | tax_family:0.00*0.15=0.0000 | variant:0.45*0.20=0.0900 | semantic_attributes:0.00*0.20=0.0000 | hierarchical_context:1.00*0.10=0.1000 | document_structure:0.00*0.05=0.0000
ÅTÖMGO;ÅTÖMGO;REVIEW;0.5700;0.4900;"edp_exact bidrar 0.3000: Direkt träff mot Taxa_från_edp.; hierarchical_context bidrar 0.1000: Samma hierarkiska kontext.; variant bidrar 0.0900: Olika taxefamiljer. Variantjämförelse ska inte användas som match.";;edp_exact:1.00*0.30=0.3000 | tax_family:0.00*0.15=0.0000 | variant:0.45*0.20=0.0900 | semantic_attributes:0.00*0.20=0.0000 | hierarchical_context:1.00*0.10=0.1000 | document_structure:0.00*0.05=0.0000
ÅTÖMME;ÅTÖMME;REVIEW;0.5700;0.4900;"edp_exact bidrar 0.3000: Direkt träff mot Taxa_från_edp.; hierarchical_context bidrar 0.1000: Samma hierarkiska kontext.; variant bidrar 0.0900: Olika taxefamiljer. Variantjämförelse ska inte användas som match.";;edp_exact:1.00*0.30=0.3000 | tax_family:0.00*0.15=0.0000 | variant:0.45*0.20=0.0900 | semantic_attributes:0.00*0.20=0.0000 | hierarchical_context:1.00*0.10=0.1000 | document_structure:0.00*0.05=0.0000
ÅTÖMPA;ÅTÖMPA;REVIEW;0.5700;0.4900;"edp_exact bidrar 0.3000: Direkt träff mot Taxa_från_edp.; hierarchical_context bidrar 0.1000: Samma hierarkiska kontext.; variant bidrar 0.0900: Olika taxefamiljer. Variantjämförelse ska inte användas som match.";;edp_exact:1.00*0.30=0.3000 | tax_family:0.00*0.15=0.0000 | variant:0.45*0.20=0.0900 | semantic_attributes:0.00*0.20=0.0000 | hierarchical_context:1.00*0.10=0.1000 | document_structure:0.00*0.05=0.0000
ÅTÖMPL;ÅTÖMPL;REVIEW;0.5700;0.4900;"edp_exact bidrar 0.3000: Direkt träff mot Taxa_från_edp.; hierarchical_context bidrar 0.1000: Samma hierarkiska kontext.; variant bidrar 0.0900: Olika taxefamiljer. Variantjämförelse ska inte användas som match.";;edp_exact:1.00*0.30=0.3000 | tax_family:0.00*0.15=0.0000 | variant:0.45*0.20=0.0900 | semantic_attributes:0.00*0.20=0.0000 | hierarchical_context:1.00*0.10=0.1000 | document_structure:0.00*0.05=0.0000
ÅVSGF;ÅVSGF;REVIEW;0.5700;0.4900;"edp_exact bidrar 0.3000: Direkt träff mot Taxa_från_edp.; hierarchical_context bidrar 0.1000: Samma hierarkiska kontext.; variant bidrar 0.0900: Olika taxefamiljer. Variantjämförelse ska inte användas som match.";;edp_exact:1.00*0.30=0.3000 | tax_family:0.00*0.15=0.0000 | variant:0.45*0.20=0.0900 | semantic_attributes:0.00*0.20=0.0000 | hierarchical_context:1.00*0.10=0.1000 | document_structure:0.00*0.05=0.0000
ÅVSGO;ÅVSGO;REVIEW;0.5700;0.4900;"edp_exact bidrar 0.3000: Direkt träff mot Taxa_från_edp.; hierarchical_context bidrar 0.1000: Samma hierarkiska kontext.; variant bidrar 0.0900: Olika taxefamiljer. Variantjämförelse ska inte användas som match.";;edp_exact:1.00*0.30=0.3000 | tax_family:0.00*0.15=0.0000 | variant:0.45*0.20=0.0900 | semantic_attributes:0.00*0.20=0.0000 | hierarchical_context:1.00*0.10=0.1000 | document_structure:0.00*0.05=0.0000
ÅVSME;ÅVSME;REVIEW;0.5700;0.4900;"edp_exact bidrar 0.3000: Direkt träff mot Taxa_från_edp.; hierarchical_context bidrar 0.1000: Samma hierarkiska kontext.; variant bidrar 0.0900: Olika taxefamiljer. Variantjämförelse ska inte användas som match.";;edp_exact:1.00*0.30=0.3000 | tax_family:0.00*0.15=0.0000 | variant:0.45*0.20=0.0900 | semantic_attributes:0.00*0.20=0.0000 | hierarchical_context:1.00*0.10=0.1000 | document_structure:0.00*0.05=0.0000
ÅVSPA;ÅVSPA;REVIEW;0.5700;0.4900;"edp_exact bidrar 0.3000: Direkt träff mot Taxa_från_edp.; hierarchical_context bidrar 0.1000: Samma hierarkiska kontext.; variant bidrar 0.0900: Olika taxefamiljer. Variantjämförelse ska inte användas som match.";;edp_exact:1.00*0.30=0.3000 | tax_family:0.00*0.15=0.0000 | variant:0.45*0.20=0.0900 | semantic_attributes:0.00*0.20=0.0000 | hierarchical_context:1.00*0.10=0.1000 | document_structure:0.00*0.05=0.0000
ÅVSPL;ÅVSPL;REVIEW;0.5700;0.4900;"edp_exact bidrar 0.3000: Direkt träff mot Taxa_från_edp.; hierarchical_context bidrar 0.1000: Samma hierarkiska kontext.; variant bidrar 0.0900: Olika taxefamiljer. Variantjämförelse ska inte användas som match.";;edp_exact:1.00*0.30=0.3000 | tax_family:0.00*0.15=0.0000 | variant:0.45*0.20=0.0900 | semantic_attributes:0.00*0.20=0.0000 | hierarchical_context:1.00*0.10=0.1000 | document_structure:0.00*0.05=0.0000
BDT03SLBUD;BDT03SLBUD;REVIEW;0.4000;0.4000;"edp_exact bidrar 0.3000: Direkt träff mot Taxa_från_edp.; hierarchical_context bidrar 0.1000: Samma hierarkiska kontext.; tax_family bidrar 0.0000: Olika taxefamiljer.";;edp_exact:1.00*0.30=0.3000 | tax_family:0.00*0.15=0.0000 | variant:0.00*0.20=0.0000 | semantic_attributes:0.00*0.20=0.0000 | hierarchical_context:1.00*0.10=0.1000 | document_structure:0.00*0.05=0.0000
BDT03SLORD;BDT03SLORD;REVIEW;0.4000;0.4000;"edp_exact bidrar 0.3000: Direkt träff mot Taxa_från_edp.; hierarchical_context bidrar 0.1000: Samma hierarkiska kontext.; tax_family bidrar 0.0000: Olika taxefamiljer.";;edp_exact:1.00*0.30=0.3000 | tax_family:0.00*0.15=0.0000 | variant:0.00*0.20=0.0000 | semantic_attributes:0.00*0.20=0.0000 | hierarchical_context:1.00*0.10=0.1000 | document_structure:0.00*0.05=0.0000
BRN03SLBUD;BRN03SLBUD;REVIEW;0.4000;0.4000;"edp_exact bidrar 0.3000: Direkt träff mot Taxa_från_edp.; hierarchical_context bidrar 0.1000: Samma hierarkiska kontext.; tax_family bidrar 0.0000: Olika taxefamiljer.";;edp_exact:1.00*0.30=0.3000 | tax_family:0.00*0.15=0.0000 | variant:0.00*0.20=0.0000 | semantic_attributes:0.00*0.20=0.0000 | hierarchical_context:1.00*0.10=0.1000 | document_structure:0.00*0.05=0.0000
BRN03SLORD;BRN03SLORD;REVIEW;0.4000;0.4000;"edp_exact bidrar 0.3000: Direkt träff mot Taxa_från_edp.; hierarchical_context bidrar 0.1000: Samma hierarkiska kontext.; tax_family bidrar 0.0000: Olika taxefamiljer.";;edp_exact:1.00*0.30=0.3000 | tax_family:0.00*0.15=0.0000 | variant:0.00*0.20=0.0000 | semantic_attributes:0.00*0.20=0.0000 | hierarchical_context:1.00*0.10=0.1000 | document_structure:0.00*0.05=0.0000
BRN36SLBUD;BRN36SLBUD;REVIEW;0.4000;0.4000;"edp_exact bidrar 0.3000: Direkt träff mot Taxa_från_edp.; hierarchical_context bidrar 0.1000: Samma hierarkiska kontext.; tax_family bidrar 0.0000: Olika taxefamiljer.";;edp_exact:1.00*0.30=0.3000 | tax_family:0.00*0.15=0.0000 | variant:0.00*0.20=0.0000 | semantic_attributes:0.00*0.20=0.0000 | hierarchical_context:1.00*0.10=0.1000 | document_structure:0.00*0.05=0.0000
BRN36SLORD;BRN36SLORD;REVIEW;0.4000;0.4000;"edp_exact bidrar 0.3000: Direkt träff mot Taxa_från_edp.; hierarchical_context bidrar 0.1000: Samma hierarkiska kontext.; tax_family bidrar 0.0000: Olika taxefamiljer.";;edp_exact:1.00*0.30=0.3000 | tax_family:0.00*0.15=0.0000 | variant:0.00*0.20=0.0000 | semantic_attributes:0.00*0.20=0.0000 | hierarchical_context:1.00*0.10=0.1000 | document_structure:0.00*0.05=0.0000
BDT03SL;BDT03SL;REVIEW;0.4000;0.4000;"edp_exact bidrar 0.3000: Direkt träff mot Taxa_från_edp.; hierarchical_context bidrar 0.1000: Samma hierarkiska kontext.; tax_family bidrar 0.0000: Olika taxefamiljer.";;edp_exact:1.00*0.30=0.3000 | tax_family:0.00*0.15=0.0000 | variant:0.00*0.20=0.0000 | semantic_attributes:0.00*0.20=0.0000 | hierarchical_context:1.00*0.10=0.1000 | document_structure:0.00*0.05=0.0000
BRN03SL;BRN03SL;REVIEW;0.4000;0.4000;"edp_exact bidrar 0.3000: Direkt träff mot Taxa_från_edp.; hierarchical_context bidrar 0.1000: Samma hierarkiska kontext.; tax_family bidrar 0.0000: Olika taxefamiljer.";;edp_exact:1.00*0.30=0.3000 | tax_family:0.00*0.15=0.0000 | variant:0.00*0.20=0.0000 | semantic_attributes:0.00*0.20=0.0000 | hierarchical_context:1.00*0.10=0.1000 | document_structure:0.00*0.05=0.0000
BRN36SL;BRN36SL;REVIEW;0.4000;0.4000;"edp_exact bidrar 0.3000: Direkt träff mot Taxa_från_edp.; hierarchical_context bidrar 0.1000: Samma hierarkiska kontext.; tax_family bidrar 0.0000: Olika taxefamiljer.";;edp_exact:1.00*0.30=0.3000 | tax_family:0.00*0.15=0.0000 | variant:0.00*0.20=0.0000 | semantic_attributes:0.00*0.20=0.0000 | hierarchical_context:1.00*0.10=0.1000 | document_structure:0.00*0.05=0.0000
MRV03SLBUD;MRV03SLBUD;REVIEW;0.4000;0.4000;"edp_exact bidrar 0.3000: Direkt träff mot Taxa_från_edp.; hierarchical_context bidrar 0.1000: Samma hierarkiska kontext.; tax_family bidrar 0.0000: Olika taxefamiljer.";;edp_exact:1.00*0.30=0.3000 | tax_family:0.00*0.15=0.0000 | variant:0.00*0.20=0.0000 | semantic_attributes:0.00*0.20=0.0000 | hierarchical_context:1.00*0.10=0.1000 | document_structure:0.00*0.05=0.0000
MRV03SLORD;MRV03SLORD;REVIEW;0.4000;0.4000;"edp_exact bidrar 0.3000: Direkt träff mot Taxa_från_edp.; hierarchical_context bidrar 0.1000: Samma hierarkiska kontext.; tax_family bidrar 0.0000: Olika taxefamiljer.";;edp_exact:1.00*0.30=0.3000 | tax_family:0.00*0.15=0.0000 | variant:0.00*0.20=0.0000 | semantic_attributes:0.00*0.20=0.0000 | hierarchical_context:1.00*0.10=0.1000 | document_structure:0.00*0.05=0.0000
MRV36SLBUD;MRV36SLBUD;REVIEW;0.4000;0.4000;"edp_exact bidrar 0.3000: Direkt träff mot Taxa_från_edp.; hierarchical_context bidrar 0.1000: Samma hierarkiska kontext.; tax_family bidrar 0.0000: Olika taxefamiljer.";;edp_exact:1.00*0.30=0.3000 | tax_family:0.00*0.15=0.0000 | variant:0.00*0.20=0.0000 | semantic_attributes:0.00*0.20=0.0000 | hierarchical_context:1.00*0.10=0.1000 | document_structure:0.00*0.05=0.0000
MRV36SLORD;MRV36SLORD;REVIEW;0.4000;0.4000;"edp_exact bidrar 0.3000: Direkt träff mot Taxa_från_edp.; hierarchical_context bidrar 0.1000: Samma hierarkiska kontext.; tax_family bidrar 0.0000: Olika taxefamiljer.";;edp_exact:1.00*0.30=0.3000 | tax_family:0.00*0.15=0.0000 | variant:0.00*0.20=0.0000 | semantic_attributes:0.00*0.20=0.0000 | hierarchical_context:1.00*0.10=0.1000 | document_structure:0.00*0.05=0.0000
