PersistentTaxID;SectionBoundWordTaxID;ContentFingerprint;IdentityBasis;Occurrence;Status;Word paragraf;Word taxapunkt;Word variant;Word enhet;Kommentar
PTX-397E133F8617-01;WTX-2-1-D08AE815-01;397E133F8617EC48E0D392CAE97B5FB76B3D4F33;|en-och tvåbostadshus||;1;ACTIVE;2.1;En- och tvåbostadshus;;;Persistent ID baseras på taxepunkt, variant och enhet, inte paragraf.
PTX-EFACF02248B8-01;WTX-2-1-AE5AEE6F-01;EFACF02248B84630F6778317A494B7E0F8462AEE;|fritidshus||;1;ACTIVE;2.1;Fritidshus;;;Persistent ID baseras på taxepunkt, variant och enhet, inte paragraf.
PTX-F20B0C2A349B-01;WTX-2-1-408C833E-01;F20B0C2A349B6CD7659EDB43E393A204FB0D24F4;|verksamhet||;1;ACTIVE;2.1;Verksamhet;;;Persistent ID baseras på taxepunkt, variant och enhet, inte paragraf.
PTX-52B055565672-01;WTX-2-1-E33BB1DF-01;52B055565672D305387FE267F920B5E03C55C32C;|lägenhet i flerbostadshus||lägenhet;1;ACTIVE;2.1;Lägenhet i flerbostadshus;;lägenhet;Persistent ID baseras på taxepunkt, variant och enhet, inte paragraf.
PTX-BEC99F3A3291-01;WTX-2-1-763CC347-01;BEC99F3A3291C2BB52C975AC1D088E7625D7DFB1;|lägenhet för specialändamål||lägenhet;1;ACTIVE;2.1;Lägenhet för specialändamål;;lägenhet;Persistent ID baseras på taxepunkt, variant och enhet, inte paragraf.
PTX-5FCDF6DCA60D-01;WTX-2-1-FC801460-01;5FCDF6DCA60D157579A18100FD30543444035B39;|anläggning||;1;ACTIVE;2.1;Anläggning;;;Persistent ID baseras på taxepunkt, variant och enhet, inte paragraf.
PTX-16CBA55DFFE9-01;WTX-2-1-FA7082CF-01;16CBA55DFFE9152D07AC0E48A549CADEA6B2CEA2;|säsongsbaserad uppställningsplats||;1;ACTIVE;2.1;Säsongsbaserad uppställningsplats;;;Persistent ID baseras på taxepunkt, variant och enhet, inte paragraf.
PTX-F5D1A9FC06D4-01;WTX-2-1-45915241-01;F5D1A9FC06D44F0209E8BD4D00F9FD4DED8C9688;|campingstuga/-lägenhet||lägenhet;1;ACTIVE;2.1;Campingstuga/-lägenhet;;lägenhet;Persistent ID baseras på taxepunkt, variant och enhet, inte paragraf.
PTX-B33A92C2C371-01;WTX-2-2-1-D47E8BB2-01;B33A92C2C371E00C00C629EB7E8BB4150B0757C1;|kärl 240 l (mat-/restavfall)||kärl;1;ACTIVE;2.2.1;Kärl 240 l (mat-/restavfall);;kärl;Persistent ID baseras på taxepunkt, variant och enhet, inte paragraf. Innehållsfingerprint B33A92C2C371 förekommer 5 gånger i paragraf(er): 2.2.1, 2.2.2, 2.2.4, 2.2.5, 2.2.6. Detta är inte automatiskt fel.
PTX-50FBA3330049-01;WTX-2-2-1-066AEA92-01;50FBA333004986546C0EF10E9D5010C097D73E6A;|extrakärl 190 l (restavfall)||;1;ACTIVE;2.2.1;Extrakärl 190 l (restavfall);;;Persistent ID baseras på taxepunkt, variant och enhet, inte paragraf. Innehållsfingerprint 50FBA3330049 förekommer 2 gånger i paragraf(er): 2.2.1, 2.2.2. Detta är inte automatiskt fel.
PTX-B33A92C2C371-02;WTX-2-2-2-0528DA6D-01;B33A92C2C371E00C00C629EB7E8BB4150B0757C1;|kärl 240 l (mat-/restavfall)||kärl;2;ACTIVE;2.2.2;Kärl 240 l (mat-/restavfall);;kärl;"Persistent ID baseras på taxepunkt, variant och enhet, inte paragraf. Samma innehåll förekommer flera gånger; det är granskningsinformation, inte automatiskt fel. Innehållsfingerprint B33A92C2C371 förekommer 5 gånger i paragraf(er): 2.2.1, 2.2.2, 2.2.4, 2.2.5, 2.2.6. Detta är inte automatiskt fel."
PTX-50FBA3330049-02;WTX-2-2-2-DEA048E3-01;50FBA333004986546C0EF10E9D5010C097D73E6A;|extrakärl 190 l (restavfall)||;2;ACTIVE;2.2.2;Extrakärl 190 l (restavfall);;;"Persistent ID baseras på taxepunkt, variant och enhet, inte paragraf. Samma innehåll förekommer flera gånger; det är granskningsinformation, inte automatiskt fel. Innehållsfingerprint 50FBA3330049 förekommer 2 gånger i paragraf(er): 2.2.1, 2.2.2. Detta är inte automatiskt fel."
PTX-EB7473EB9ED4-01;WTX-2-2-3-A4B1685B-01;EB7473EB9ED44ADF911C21A5E9D1BF755D07E8A4;|gemensam uppsamlingsplats för mat-/restavfall||;1;ACTIVE;2.2.3;Gemensam uppsamlingsplats för mat-/restavfall;;;Persistent ID baseras på taxepunkt, variant och enhet, inte paragraf.
PTX-49EDD8DF282C-01;WTX-2-2-3-133CE5FF-01;49EDD8DF282CAA441C627249BF885F31EFA97416;|extra digital licens (årskostnad)||;1;ACTIVE;2.2.3;Extra digital licens (årskostnad);;;Persistent ID baseras på taxepunkt, variant och enhet, inte paragraf.
PTX-78710E13FB35-01;WTX-2-2-3-2F957FED-01;78710E13FB35084FBADAE84D4D0C5A9CAED62E92;|fysisk nyckel, kallad fob (engångskostnad)||;1;ACTIVE;2.2.3;Fysisk nyckel, kallad fob (engångskostnad);;;Persistent ID baseras på taxepunkt, variant och enhet, inte paragraf.
PTX-E40C442D76D5-01;WTX-2-2-3-0CAC0724-01;E40C442D76D57DED111F7209B669C17AC4BBB5FF;|byte av telefonnummer kopplat till licens||;1;ACTIVE;2.2.3;Byte av telefonnummer kopplat till licens;;;Persistent ID baseras på taxepunkt, variant och enhet, inte paragraf.
PTX-07F5750E0B09-01;WTX-2-2-3-5642B3A0-01;07F5750E0B0935BA03A47712170C1341D263C238;|kostnad för öppning av behållare||;1;ACTIVE;2.2.3;Kostnad för öppning av behållare;;;Persistent ID baseras på taxepunkt, variant och enhet, inte paragraf.
PTX-B33A92C2C371-03;WTX-2-2-4-2B6B410E-01;B33A92C2C371E00C00C629EB7E8BB4150B0757C1;|kärl 240 l (mat-/restavfall)||kärl;3;ACTIVE;2.2.4;Kärl 240 l (mat-/restavfall);;kärl;"Persistent ID baseras på taxepunkt, variant och enhet, inte paragraf. Samma innehåll förekommer flera gånger; det är granskningsinformation, inte automatiskt fel. Innehållsfingerprint B33A92C2C371 förekommer 5 gånger i paragraf(er): 2.2.1, 2.2.2, 2.2.4, 2.2.5, 2.2.6. Detta är inte automatiskt fel."
PTX-88864524DF36-01;WTX-2-2-4-71F300C8-01;88864524DF36697F7851A91619558B1478294A6D;|kärl 370 l (restavfall)||kärl;1;ACTIVE;2.2.4;Kärl 370 l (restavfall);;kärl;Persistent ID baseras på taxepunkt, variant och enhet, inte paragraf. Innehållsfingerprint 88864524DF36 förekommer 3 gånger i paragraf(er): 2.2.4, 2.2.5, 2.2.6. Detta är inte automatiskt fel.
PTX-6EE40AD1D2A8-01;WTX-2-2-4-38F8A36C-01;6EE40AD1D2A846E653C355158AC15D41AD73333B;|kärl 660 l (restavfall)||kärl;1;ACTIVE;2.2.4;Kärl 660 l (restavfall);;kärl;Persistent ID baseras på taxepunkt, variant och enhet, inte paragraf. Innehållsfingerprint 6EE40AD1D2A8 förekommer 3 gånger i paragraf(er): 2.2.4, 2.2.5, 2.2.6. Detta är inte automatiskt fel.
PTX-F8A66F62BDC9-01;WTX-2-2-4-FD7C9838-01;F8A66F62BDC9F8937CD77B45A9488AEB964988D6;|kärl 140 l (matavfall)||kärl;1;ACTIVE;2.2.4;Kärl 140 l (matavfall);;kärl;Persistent ID baseras på taxepunkt, variant och enhet, inte paragraf. Innehållsfingerprint F8A66F62BDC9 förekommer 3 gånger i paragraf(er): 2.2.4, 2.2.5, 2.2.6. Detta är inte automatiskt fel.
PTX-3B27E4E1EED9-01;WTX-2-2-4-BF565DA9-01;3B27E4E1EED9F41C2A78190752B1C15960AFDCB3;|kärl 190 l (förpackningar)||kärl;1;ACTIVE;2.2.4;Kärl 190 l (förpackningar);;kärl;Persistent ID baseras på taxepunkt, variant och enhet, inte paragraf.
PTX-3D7A8F526441-01;WTX-2-2-4-F39951BB-01;3D7A8F5264413A44D652AAC53AD478EDBDAC064D;|kärl 370 l (förpackningar)||kärl;1;ACTIVE;2.2.4;Kärl 370 l (förpackningar);;kärl;Persistent ID baseras på taxepunkt, variant och enhet, inte paragraf.
PTX-86ADB6A95E84-01;WTX-2-2-4-E7A02E31-01;86ADB6A95E8442E2B99874106C35BF3B4C1C60AF;|kärl 660 l (förpackningar)||kärl;1;ACTIVE;2.2.4;Kärl 660 l (förpackningar);;kärl;Persistent ID baseras på taxepunkt, variant och enhet, inte paragraf.
PTX-641342D3A0C8-01;WTX-2-2-4-38CD02E0-01;641342D3A0C892213F4B23C04DC0AC5951AEFAD4;|kärl 190 l (tidningar och returpapper)||kärl;1;ACTIVE;2.2.4;Kärl 190 l (tidningar och returpapper);;kärl;Persistent ID baseras på taxepunkt, variant och enhet, inte paragraf.
PTX-3A5AA27AEF57-01;WTX-2-2-4-4C9C4037-01;3A5AA27AEF57FF56FCACF05C590870727177F48E;|kärl 370 l (tidningar och returpapper)||kärl;1;ACTIVE;2.2.4;Kärl 370 l (tidningar och returpapper);;kärl;Persistent ID baseras på taxepunkt, variant och enhet, inte paragraf.
PTX-11F9AF878DD0-01;WTX-2-2-4-F2A2FB32-01;11F9AF878DD076FB861D870B6EF47FA9C7B937C8;|(mat-/restavfall, förpackningar)||;1;ACTIVE;2.2.4;(mat-/restavfall, förpackningar);;;Persistent ID baseras på taxepunkt, variant och enhet, inte paragraf.
PTX-B33A92C2C371-04;WTX-2-2-5-E398D97C-01;B33A92C2C371E00C00C629EB7E8BB4150B0757C1;|kärl 240 l (mat-/restavfall)||kärl;4;ACTIVE;2.2.5;Kärl 240 l (mat-/restavfall);;kärl;"Persistent ID baseras på taxepunkt, variant och enhet, inte paragraf. Samma innehåll förekommer flera gånger; det är granskningsinformation, inte automatiskt fel. Innehållsfingerprint B33A92C2C371 förekommer 5 gånger i paragraf(er): 2.2.1, 2.2.2, 2.2.4, 2.2.5, 2.2.6. Detta är inte automatiskt fel."
PTX-88864524DF36-02;WTX-2-2-5-1AAB3A77-01;88864524DF36697F7851A91619558B1478294A6D;|kärl 370 l (restavfall)||kärl;2;ACTIVE;2.2.5;Kärl 370 l (restavfall);;kärl;"Persistent ID baseras på taxepunkt, variant och enhet, inte paragraf. Samma innehåll förekommer flera gånger; det är granskningsinformation, inte automatiskt fel. Innehållsfingerprint 88864524DF36 förekommer 3 gånger i paragraf(er): 2.2.4, 2.2.5, 2.2.6. Detta är inte automatiskt fel."
PTX-6EE40AD1D2A8-02;WTX-2-2-5-CDBF33D9-01;6EE40AD1D2A846E653C355158AC15D41AD73333B;|kärl 660 l (restavfall)||kärl;2;ACTIVE;2.2.5;Kärl 660 l (restavfall);;kärl;"Persistent ID baseras på taxepunkt, variant och enhet, inte paragraf. Samma innehåll förekommer flera gånger; det är granskningsinformation, inte automatiskt fel. Innehållsfingerprint 6EE40AD1D2A8 förekommer 3 gånger i paragraf(er): 2.2.4, 2.2.5, 2.2.6. Detta är inte automatiskt fel."
PTX-F8A66F62BDC9-02;WTX-2-2-5-B5B9E38F-01;F8A66F62BDC9F8937CD77B45A9488AEB964988D6;|kärl 140 l (matavfall)||kärl;2;ACTIVE;2.2.5;Kärl 140 l (matavfall);;kärl;"Persistent ID baseras på taxepunkt, variant och enhet, inte paragraf. Samma innehåll förekommer flera gånger; det är granskningsinformation, inte automatiskt fel. Innehållsfingerprint F8A66F62BDC9 förekommer 3 gånger i paragraf(er): 2.2.4, 2.2.5, 2.2.6. Detta är inte automatiskt fel."
PTX-CDCC7E1A2332-01;WTX-2-2-5-AC281C97-01;CDCC7E1A23323B1D0C64E6F5C6182B002C1C6636;|bottentömmande behållare (mat-/restavfall)||;1;ACTIVE;2.2.5;Bottentömmande behållare (mat-/restavfall);;;Persistent ID baseras på taxepunkt, variant och enhet, inte paragraf. Innehållsfingerprint CDCC7E1A2332 förekommer 2 gånger i paragraf(er): 2.2.5, 2.2.6. Detta är inte automatiskt fel.
PTX-8A6E913D1F08-01;WTX-2-2-5-4ACBB82B-01;8A6E913D1F08D0C7979FD089DA075A9E9A391827;|lastväxlarflak (restavfall)||;1;ACTIVE;2.2.5;Lastväxlarflak (restavfall);;;Persistent ID baseras på taxepunkt, variant och enhet, inte paragraf. Innehållsfingerprint 8A6E913D1F08 förekommer 2 gånger i paragraf(er): 2.2.5, 2.2.6. Detta är inte automatiskt fel.
PTX-B33A92C2C371-05;WTX-2-2-6-9AF81766-01;B33A92C2C371E00C00C629EB7E8BB4150B0757C1;|kärl 240 l (mat-/restavfall)||kärl;5;ACTIVE;2.2.6;Kärl 240 l (mat-/restavfall);;kärl;"Persistent ID baseras på taxepunkt, variant och enhet, inte paragraf. Samma innehåll förekommer flera gånger; det är granskningsinformation, inte automatiskt fel. Innehållsfingerprint B33A92C2C371 förekommer 5 gånger i paragraf(er): 2.2.1, 2.2.2, 2.2.4, 2.2.5, 2.2.6. Detta är inte automatiskt fel."
PTX-88864524DF36-03;WTX-2-2-6-D052DD7D-01;88864524DF36697F7851A91619558B1478294A6D;|kärl 370 l (restavfall)||kärl;3;ACTIVE;2.2.6;Kärl 370 l (restavfall);;kärl;"Persistent ID baseras på taxepunkt, variant och enhet, inte paragraf. Samma innehåll förekommer flera gånger; det är granskningsinformation, inte automatiskt fel. Innehållsfingerprint 88864524DF36 förekommer 3 gånger i paragraf(er): 2.2.4, 2.2.5, 2.2.6. Detta är inte automatiskt fel."
PTX-6EE40AD1D2A8-03;WTX-2-2-6-8C0AE588-01;6EE40AD1D2A846E653C355158AC15D41AD73333B;|kärl 660 l (restavfall)||kärl;3;ACTIVE;2.2.6;Kärl 660 l (restavfall);;kärl;"Persistent ID baseras på taxepunkt, variant och enhet, inte paragraf. Samma innehåll förekommer flera gånger; det är granskningsinformation, inte automatiskt fel. Innehållsfingerprint 6EE40AD1D2A8 förekommer 3 gånger i paragraf(er): 2.2.4, 2.2.5, 2.2.6. Detta är inte automatiskt fel."
PTX-F8A66F62BDC9-03;WTX-2-2-6-E44FB8CA-01;F8A66F62BDC9F8937CD77B45A9488AEB964988D6;|kärl 140 l (matavfall)||kärl;3;ACTIVE;2.2.6;Kärl 140 l (matavfall);;kärl;"Persistent ID baseras på taxepunkt, variant och enhet, inte paragraf. Samma innehåll förekommer flera gånger; det är granskningsinformation, inte automatiskt fel. Innehållsfingerprint F8A66F62BDC9 förekommer 3 gånger i paragraf(er): 2.2.4, 2.2.5, 2.2.6. Detta är inte automatiskt fel."
PTX-CDCC7E1A2332-02;WTX-2-2-6-1788419C-01;CDCC7E1A23323B1D0C64E6F5C6182B002C1C6636;|bottentömmande behållare (mat-/restavfall)||;2;ACTIVE;2.2.6;Bottentömmande behållare (mat-/restavfall);;;"Persistent ID baseras på taxepunkt, variant och enhet, inte paragraf. Samma innehåll förekommer flera gånger; det är granskningsinformation, inte automatiskt fel. Innehållsfingerprint CDCC7E1A2332 förekommer 2 gånger i paragraf(er): 2.2.5, 2.2.6. Detta är inte automatiskt fel."
PTX-8A6E913D1F08-02;WTX-2-2-6-C0D4D636-01;8A6E913D1F08D0C7979FD089DA075A9E9A391827;|lastväxlarflak (restavfall)||;2;ACTIVE;2.2.6;Lastväxlarflak (restavfall);;;"Persistent ID baseras på taxepunkt, variant och enhet, inte paragraf. Samma innehåll förekommer flera gånger; det är granskningsinformation, inte automatiskt fel. Innehållsfingerprint 8A6E913D1F08 förekommer 2 gånger i paragraf(er): 2.2.5, 2.2.6. Detta är inte automatiskt fel."
PTX-1EF6AACE0501-01;WTX-2-2-7-BF19BE2F-01;1EF6AACE0501E281D7DBA4325EA90D6E2BA8AB2A;|kärl 140 l (kontors-/returpapper)||kärl;1;ACTIVE;2.2.7;Kärl 140 l (kontors-/returpapper);;kärl;Persistent ID baseras på taxepunkt, variant och enhet, inte paragraf.
PTX-04D896BAC819-01;WTX-2-2-7-79371B7C-01;04D896BAC81967CE31F873856ACC74B9E5F16227;|egen överlämning av förbrukat kontors-/returpapper enligt anvisning||;1;ACTIVE;2.2.7;Egen överlämning av förbrukat kontors-/returpapper enligt anvisning;;;Persistent ID baseras på taxepunkt, variant och enhet, inte paragraf.
PTX-36142B6B4550-01;WTX-2-2-7-3F249CEB-01;36142B6B455078AE63A9A006BFA7F7ABB67C27D2;|egen överlämning av förbrukat matfett enligt anvisning||;1;ACTIVE;2.2.7;Egen överlämning av förbrukat matfett enligt anvisning;;;Persistent ID baseras på taxepunkt, variant och enhet, inte paragraf.
PTX-7604EA3E4145-01;WTX-2-3-343D9E29-01;7604EA3E414579B965C14CB89616C3164372D075;|viktavgift matavfall||;1;ACTIVE;2.3;Viktavgift matavfall;;;Persistent ID baseras på taxepunkt, variant och enhet, inte paragraf.
PTX-5D51DFCA4695-01;WTX-2-3-CECA891D-01;5D51DFCA46954BFF77727C7D1F69501DA141DE9F;|viktavgift restavfall||;1;ACTIVE;2.3;Viktavgift restavfall;;;Persistent ID baseras på taxepunkt, variant och enhet, inte paragraf.
PTX-0D96EC5B3712-01;WTX-2-3-93C9CDD7-01;0D96EC5B3712C4BCF426B2FBA46A2A69D0324692;|lyftavgift kärl||kärl;1;ACTIVE;2.3;Lyftavgift kärl;;kärl;Persistent ID baseras på taxepunkt, variant och enhet, inte paragraf.
PTX-AB55401ACC21-01;WTX-2-4-1-92BAD48F-01;AB55401ACC21979D1F2B56384D04107230DC25A7;|fakturavgift||;1;ACTIVE;2.4.1;Fakturavgift;;;Persistent ID baseras på taxepunkt, variant och enhet, inte paragraf.
PTX-958BE02D632E-01;WTX-2-4-2-2A8101C0-01;958BE02D632EDBE54A2DD4C2BAD10960EB8D16CC;|delat kärl 240 l matavfall 40 kg||kilogram;1;ACTIVE;2.4.2;Delat kärl 240 l matavfall 40 kg;;kilogram;Persistent ID baseras på taxepunkt, variant och enhet, inte paragraf.
PTX-41DAB1BD2484-01;WTX-2-4-2-A730ADB4-01;41DAB1BD24846A464E4361292406630795A52D6A;|delat kärl 240 l restavfall 40 kg||kilogram;1;ACTIVE;2.4.2;Delat kärl 240 l restavfall 40 kg;;kilogram;Persistent ID baseras på taxepunkt, variant och enhet, inte paragraf.
PTX-7F6C58E79C6E-01;WTX-2-4-2-A9E4BA7D-01;7F6C58E79C6E98DA1EAEFC816D3527AC4A38071E;|extra kärl 140 l matavfall 60 kg||kilogram;1;ACTIVE;2.4.2;Extra kärl 140 l matavfall 60 kg;;kilogram;Persistent ID baseras på taxepunkt, variant och enhet, inte paragraf.
PTX-4E6D8FAD24BE-01;WTX-2-4-2-127061D6-01;4E6D8FAD24BE03A9C4EE896BB58A1EAD78DE74AB;|extra kärl 140-190 l restavfall 60 kg||kilogram;1;ACTIVE;2.4.2;Extra kärl 140-190 l restavfall 60 kg;;kilogram;Persistent ID baseras på taxepunkt, variant och enhet, inte paragraf.
PTX-B769CFE7267D-01;WTX-2-4-2-AD1972C3-01;B769CFE7267D1715DC6E630F955E93D55B461F7D;|kärl 370 l restavfall 60 kg||kilogram;1;ACTIVE;2.4.2;Kärl 370 l restavfall 60 kg;;kilogram;Persistent ID baseras på taxepunkt, variant och enhet, inte paragraf.
PTX-8B2667C555DA-01;WTX-2-4-2-3BD4C9EB-01;8B2667C555DA8E5B1FFD15D6897324E0064BB57F;|kärl 660 l restavfall 100 kg||kilogram;1;ACTIVE;2.4.2;Kärl 660 l restavfall 100 kg;;kilogram;Persistent ID baseras på taxepunkt, variant och enhet, inte paragraf.
PTX-804DDF05B8AB-01;WTX-2-4-3-C7C1DFF0-01;804DDF05B8AB6F74B6CA6BBF4FF487364BC6DBD6;|överfullt kärl||kärl;1;ACTIVE;2.4.3;Överfullt kärl;;kärl;Persistent ID baseras på taxepunkt, variant och enhet, inte paragraf.
PTX-6B63D5EED451-01;WTX-2-4-3-745BF89A-01;6B63D5EED451DB3C3AC861400940FA600771D731;|överfull bottentömmande behållare||;1;ACTIVE;2.4.3;Överfull bottentömmande behållare;;;Persistent ID baseras på taxepunkt, variant och enhet, inte paragraf.
PTX-A791A42B333C-01;WTX-2-4-4-794EA8A9-01;A791A42B333C168FA6E01BDC83F80490E69CA980;|byte av trasigt kärl vid oaktsamhet||kärl;1;ACTIVE;2.4.4;Byte av trasigt kärl vid oaktsamhet;;kärl;Persistent ID baseras på taxepunkt, variant och enhet, inte paragraf.
PTX-C9E817C26702-01;WTX-2-4-5-68C2B119-01;C9E817C2670284E5E0D47B7965CCA0773B739011;|byte/återtag av kärl en (1) ggr/år 140-240 liter||liter;1;ACTIVE;2.4.5;Byte/återtag av kärl en (1) ggr/år 140–240 liter;;liter;Persistent ID baseras på taxepunkt, variant och enhet, inte paragraf.
PTX-65F272CDF9CB-01;WTX-2-4-5-94A2117F-01;65F272CDF9CBE64A37C4130EA5557EF0109B892E;|byte/återtag av kärl en (1) ggr/år 370-660 liter||liter;1;ACTIVE;2.4.5;Byte/återtag av kärl en (1) ggr/år 370–660 liter;;liter;Persistent ID baseras på taxepunkt, variant och enhet, inte paragraf.
PTX-05619E499453-01;WTX-2-4-5-D0486EB9-01;05619E4994536EDF3E9CC1B9DBDEDE1897F49958;|ytterligare byte av kärl under kalenderåret||kärl;1;ACTIVE;2.4.5;Ytterligare byte av kärl under kalenderåret;;kärl;Persistent ID baseras på taxepunkt, variant och enhet, inte paragraf.
PTX-4558A6004AEF-01;WTX-2-4-6-A0F5ED69-01;4558A6004AEF9B98326CEA4576EC5F6F2FE6AB34;|kärl||kärl;1;ACTIVE;2.4.6;Kärl;;kärl;Persistent ID baseras på taxepunkt, variant och enhet, inte paragraf.
PTX-6210BAD518FF-01;WTX-2-4-6-0953E5AA-01;6210BAD518FFA83DEF98EBDFAF5727710519730C;|bottentömmande behållare||;1;ACTIVE;2.4.6;Bottentömmande behållare;;;Persistent ID baseras på taxepunkt, variant och enhet, inte paragraf. Innehållsfingerprint 6210BAD518FF förekommer 2 gånger i paragraf(er): 2.4.6, 2.4.8. Detta är inte automatiskt fel.
PTX-7C22999494C2-01;WTX-2-4-7-06407089-01;7C22999494C2F08517B8CB343F29C5FACD9D0558;|kärl 140-660 l 1, 5-10||kärl;1;ACTIVE;2.4.7;Kärl 140-660 L 1,5-10;;kärl;Persistent ID baseras på taxepunkt, variant och enhet, inte paragraf.
PTX-4078B50D1031-01;WTX-2-4-7-59038493-01;4078B50D10315096DA0DFA0BE8EA62FC8D925628;|kärl 140-660 l 10-20||kärl;1;ACTIVE;2.4.7;Kärl 140-660 L 10-20;;kärl;Persistent ID baseras på taxepunkt, variant och enhet, inte paragraf.
PTX-FB52C8060AFA-01;WTX-2-4-7-D6ABE4E3-01;FB52C8060AFADA0179E94D5BDAC1EC55B91CCEFB;|kärl 140-660 l 20-30||kärl;1;ACTIVE;2.4.7;Kärl 140-660 L 20-30;;kärl;Persistent ID baseras på taxepunkt, variant och enhet, inte paragraf.
PTX-176906B34F7A-01;WTX-2-4-7-E5134E4D-01;176906B34F7AAAF0C715ECCBC9666060B14E6BE2;|avfallsport/dörr||;1;ACTIVE;2.4.7;Avfallsport/dörr;;;Persistent ID baseras på taxepunkt, variant och enhet, inte paragraf.
PTX-38DCB37C2FFD-01;WTX-2-4-7-3CEBA666-01;38DCB37C2FFD8CECD7FA2143089DF093E7CFF795;|låst dörr, med kod||;1;ACTIVE;2.4.7;Låst dörr, med kod;;;Persistent ID baseras på taxepunkt, variant och enhet, inte paragraf.
PTX-525DBBDFF907-01;WTX-2-4-8-6FBCCB03-01;525DBBDFF9078558C69CACA99074FA728A36639B;|kärl 140 l matavfall||kärl;1;ACTIVE;2.4.8;Kärl 140 l matavfall;;kärl;Persistent ID baseras på taxepunkt, variant och enhet, inte paragraf.
PTX-F4431FDB528D-01;WTX-2-4-8-664D4415-01;F4431FDB528D086AFD0F6A2252B1A5B741F29B94;|kärl 190 l restavfall||kärl;1;ACTIVE;2.4.8;Kärl 190 l restavfall;;kärl;Persistent ID baseras på taxepunkt, variant och enhet, inte paragraf.
PTX-33FB12BEB693-01;WTX-2-4-8-4C22CD06-01;33FB12BEB6939A2827EEB1E649D7104A0C0EC7ED;|kärl 370 l restavfall||kärl;1;ACTIVE;2.4.8;Kärl 370 l restavfall;;kärl;Persistent ID baseras på taxepunkt, variant och enhet, inte paragraf.
PTX-B9CF34FB6691-01;WTX-2-4-8-F113AC8A-01;B9CF34FB6691833BE083CC495677E0869EA0A7CC;|kärl 660 l restavfall||kärl;1;ACTIVE;2.4.8;Kärl 660 l restavfall;;kärl;Persistent ID baseras på taxepunkt, variant och enhet, inte paragraf.
PTX-6210BAD518FF-02;WTX-2-4-8-42495401-01;6210BAD518FFA83DEF98EBDFAF5727710519730C;|bottentömmande behållare||;2;ACTIVE;2.4.8;Bottentömmande behållare;;;"Persistent ID baseras på taxepunkt, variant och enhet, inte paragraf. Samma innehåll förekommer flera gånger; det är granskningsinformation, inte automatiskt fel. Innehållsfingerprint 6210BAD518FF förekommer 2 gånger i paragraf(er): 2.4.6, 2.4.8. Detta är inte automatiskt fel."
PTX-D2A92E071BEF-01;WTX-2-4-9-86FFD428-01;D2A92E071BEFDFBCE134871AE865DF71301BD9D1;|sidlastande fordon||;1;ACTIVE;2.4.9;Sidlastande fordon;;;Persistent ID baseras på taxepunkt, variant och enhet, inte paragraf.
PTX-D3C42F1E68F8-01;WTX-2-4-9-EB0BC2EB-01;D3C42F1E68F8F2A4A38E4AC5B96497FB4994EFBB;|bottentömmande fordon||;1;ACTIVE;2.4.9;Bottentömmande fordon;;;Persistent ID baseras på taxepunkt, variant och enhet, inte paragraf.
PTX-9F3F988F28BE-01;WTX-2-4-9-99A523EC-01;9F3F988F28BEB797E567140543C9C171086CEE54;|tömningsavgift per behållare||;1;ACTIVE;2.4.9;Tömningsavgift per behållare;;;Persistent ID baseras på taxepunkt, variant och enhet, inte paragraf.
PTX-2111F6217536-01;WTX-2-4-10-16DFA20E-01;2111F6217536BD76289C5F6BB116ABFAA5C28C47;|betalsäck||;1;ACTIVE;2.4.10;Betalsäck;;;Persistent ID baseras på taxepunkt, variant och enhet, inte paragraf.
PTX-76BB9B6F4984-01;WTX-2-4-10-0A4854E9-01;76BB9B6F4984B7BDF589B8B3757A26FFC560FB40;|akutsäck||;1;ACTIVE;2.4.10;Akutsäck;;;Persistent ID baseras på taxepunkt, variant och enhet, inte paragraf.
PTX-7B9E0F85AF89-01;WTX-2-4-11-D77A166B-01;7B9E0F85AF89BB7C0F3E898789F3352136FBDEFF;|matavfallspåsar 9 l||;1;ACTIVE;2.4.11;Matavfallspåsar 9 L;;;Persistent ID baseras på taxepunkt, variant och enhet, inte paragraf.
PTX-0585B78FE765-01;WTX-2-4-11-9BA90DB2-01;0585B78FE76562DF0D0564608FEE80F279229BA9;|matavfallspåsar 22 l||;1;ACTIVE;2.4.11;Matavfallspåsar 22 L;;;Persistent ID baseras på taxepunkt, variant och enhet, inte paragraf.
PTX-8620BBEE68EC-01;WTX-2-4-11-BEA61EA5-01;8620BBEE68ECA561251214D99E838E0C5E955E82;|gravitationslås till kärl||kärl;1;ACTIVE;2.4.11;Gravitationslås till kärl;;kärl;Persistent ID baseras på taxepunkt, variant och enhet, inte paragraf.
PTX-6F80BDAF21EB-01;WTX-2-4-11-BB8AD23F-01;6F80BDAF21EB5D68321A15AFE0F9D060354C2D00;|extra nyckel till gravitationslås||;1;ACTIVE;2.4.11;Extra nyckel till gravitationslås;;;Persistent ID baseras på taxepunkt, variant och enhet, inte paragraf.
PTX-F6DFCC9860A5-01;WTX-2-5-1-A06FB33E-01;F6DFCC9860A5AF55880D1A6CD6E0C89A3878D1CB;|kommunalt avfall||;1;ACTIVE;2.5.1;Kommunalt avfall;;;Persistent ID baseras på taxepunkt, variant och enhet, inte paragraf.
PTX-2C957F15960F-01;WTX-2-5-1-50EECDD5-01;2C957F15960F1934F25189C17B50E7CF3896606D;|farligt avfall (ej uppmärkt)||;1;ACTIVE;2.5.1;Farligt avfall (ej uppmärkt);;;Persistent ID baseras på taxepunkt, variant och enhet, inte paragraf.
PTX-0134B8BBB452-01;WTX-2-5-1-0B81A88A-01;0134B8BBB452053450DF60C198E7A1A10645B509;|farligt avfall (uppmärkt)||;1;ACTIVE;2.5.1;Farligt avfall (uppmärkt);;;Persistent ID baseras på taxepunkt, variant och enhet, inte paragraf.
PTX-FD386A58AF99-01;WTX-2-5-1-4EDDF72B-01;FD386A58AF99A11EB45C1BC1774C877DA43CEA70;|avisering av ankomst||;1;ACTIVE;2.5.1;Avisering av ankomst;;;Persistent ID baseras på taxepunkt, variant och enhet, inte paragraf.
PTX-2CA3B01AF807-01;WTX-3-1-7227BDDA-01;2CA3B01AF807DD11A2768161CFFF6C948588CA66;|upp till 3 m3||m³;1;ACTIVE;3.1;Upp till 3 m3;;m³;Persistent ID baseras på taxepunkt, variant och enhet, inte paragraf. Innehållsfingerprint 2CA3B01AF807 förekommer 2 gånger i paragraf(er): 3.1, 5.1. Detta är inte automatiskt fel.
PTX-49F4634210A7-01;WTX-3-1-1A2848BC-01;49F4634210A7ED1916A70B66136EABAC7282CF01;|mellan 3 m3 och 6 m3||m³;1;ACTIVE;3.1;Mellan 3 m3 och 6 m3;;m³;Persistent ID baseras på taxepunkt, variant och enhet, inte paragraf. Innehållsfingerprint 49F4634210A7 förekommer 2 gånger i paragraf(er): 3.1, 5.1. Detta är inte automatiskt fel.
PTX-AB9792A76E05-01;WTX-3-1-0B26F1AF-01;AB9792A76E05CB1C77D536C6AB9A6B14DCE272B7;|mellan 6 m3 och 9 m3||m³;1;ACTIVE;3.1;Mellan 6 m3 och 9 m3;;m³;Persistent ID baseras på taxepunkt, variant och enhet, inte paragraf.
PTX-1D30C342845F-01;WTX-3-1-839215D8-01;1D30C342845F4982C7A7EFC9E8A6FBACF3F6EC3D;|tillägg per m3 över 9 m3||m³;1;ACTIVE;3.1;Tillägg per m3 över 9 m3;;m³;Persistent ID baseras på taxepunkt, variant och enhet, inte paragraf.
PTX-5C48DD2EB0C8-01;WTX-3-1-BB4D0153-01;5C48DD2EB0C8381CA6C4BF420DEE5A30C7C91A46;|bad-, disk-och tvättbrunn upp till 3 m3||m³;1;ACTIVE;3.1;Bad-, disk- och tvättbrunn upp till 3 m3;;m³;Persistent ID baseras på taxepunkt, variant och enhet, inte paragraf.
PTX-74347FF26847-01;WTX-3-1-DA3E3788-01;74347FF26847942D6016D504707AEADC555E6B4F;|tillägg per m3 över 3 m3||m³;1;ACTIVE;3.1;Tillägg per m3 över 3 m3;;m³;Persistent ID baseras på taxepunkt, variant och enhet, inte paragraf.
PTX-FEDEFA757DBF-01;WTX-3-2-40C32304-01;FEDEFA757DBF1397EBC13CF7F1ABAADC997C8E9E;|dragning av extra slang vid 5-25 m||;1;ACTIVE;3.2;Dragning av extra slang vid 5-25 m;;;Persistent ID baseras på taxepunkt, variant och enhet, inte paragraf. Innehållsfingerprint FEDEFA757DBF förekommer 2 gånger i paragraf(er): 3.2, 5.2. Detta är inte automatiskt fel.
PTX-88F9C6A71171-01;WTX-3-2-DAE68C97-01;88F9C6A711712C12CA9764F0C5E33E295D81A6A1;|dragning av extra slang vid 25-35 m||;1;ACTIVE;3.2;Dragning av extra slang vid 25-35 m;;;Persistent ID baseras på taxepunkt, variant och enhet, inte paragraf. Innehållsfingerprint 88F9C6A71171 förekommer 2 gånger i paragraf(er): 3.2, 5.2. Detta är inte automatiskt fel.
PTX-4906D167E732-01;WTX-3-2-A1D33BAC-01;4906D167E732C482EEA77260BB02E518B3F4DC12;|dragning av extra slang vid 36-45 m||;1;ACTIVE;3.2;Dragning av extra slang vid 36-45 m;;;Persistent ID baseras på taxepunkt, variant och enhet, inte paragraf. Innehållsfingerprint 4906D167E732 förekommer 2 gånger i paragraf(er): 3.2, 5.2. Detta är inte automatiskt fel.
PTX-28F659E33B23-01;WTX-3-2-7142C239-01;28F659E33B23DA4CFC2E34154A7AE51D2E859DB8;|dragning av extra slang vid 46-55 m||;1;ACTIVE;3.2;Dragning av extra slang vid 46-55 m;;;Persistent ID baseras på taxepunkt, variant och enhet, inte paragraf. Innehållsfingerprint 28F659E33B23 förekommer 2 gånger i paragraf(er): 3.2, 5.2. Detta är inte automatiskt fel.
PTX-0C0E778DF4A3-01;WTX-3-2-6F875C5B-01;0C0E778DF4A310ADCC5FF2383815896249CA8F85;|hantering av brunnslock som väger 15-25 kg||kilogram;1;ACTIVE;3.2;Hantering av brunnslock som väger 15-25 kg;;kilogram;Persistent ID baseras på taxepunkt, variant och enhet, inte paragraf. Innehållsfingerprint 0C0E778DF4A3 förekommer 2 gånger i paragraf(er): 3.2, 5.2. Detta är inte automatiskt fel.
PTX-B9891B4EB0A7-01;WTX-3-2-79D6CCE7-01;B9891B4EB0A7CF55448A38D2E91725B55FC89458;|krav på information om tömningstid||;1;ACTIVE;3.2;Krav på information om tömningstid;;;Persistent ID baseras på taxepunkt, variant och enhet, inte paragraf. Innehållsfingerprint B9891B4EB0A7 förekommer 2 gånger i paragraf(er): 3.2, 5.2. Detta är inte automatiskt fel.
PTX-2C4590B2B2C5-01;WTX-3-2-A3AF9F57-01;2C4590B2B2C570029F9A645B27B941318BA1BD2E;|krav på närvaro vid specificerad tömningstid||;1;ACTIVE;3.2;Krav på närvaro vid specificerad tömningstid;;;Persistent ID baseras på taxepunkt, variant och enhet, inte paragraf. Innehållsfingerprint 2C4590B2B2C5 förekommer 2 gånger i paragraf(er): 3.2, 5.2. Detta är inte automatiskt fel.
PTX-C21DD2C0801B-01;WTX-3-2-7D8146C9-01;C21DD2C0801B97868699EDF62CC89C35FD6187B3;|hantering av kod för kodlås vid slamtömning||;1;ACTIVE;3.2;Hantering av kod för kodlås vid slamtömning;;;Persistent ID baseras på taxepunkt, variant och enhet, inte paragraf.
PTX-FD9815213A97-01;WTX-3-2-063A4C1E-01;FD9815213A979C4980C8FC986FC0A19C064248D8;|hetvattentvätt med spolbil, timersättning||;1;ACTIVE;3.2;Hetvattentvätt med spolbil, timersättning;;;Persistent ID baseras på taxepunkt, variant och enhet, inte paragraf. Innehållsfingerprint FD9815213A97 förekommer 2 gånger i paragraf(er): 3.2, 5.2. Detta är inte automatiskt fel.
PTX-805F98D91402-01;WTX-3-2-1779B235-01;805F98D914025FDA4ED69CC055CC9F7394F27314;|tömning av extra tank/brunn i samband med ordinarie/budad tömning upp till 5 m3||m³;1;ACTIVE;3.2;Tömning av extra tank/brunn i samband med ordinarie/budad tömning upp till 5 m3;;m³;Persistent ID baseras på taxepunkt, variant och enhet, inte paragraf.
PTX-892360035408-01;WTX-3-3-8475F1CB-01;892360035408B8BAA19003A70BE6D2A9BFD4B6A8;|budning inom ordinarie tömningsperiod (1 maj-31 oktober)||;1;ACTIVE;3.3;Budning inom ordinarie tömningsperiod (1 maj- 31 oktober);;;Persistent ID baseras på taxepunkt, variant och enhet, inte paragraf. Innehållsfingerprint 892360035408 förekommer 2 gånger i paragraf(er): 3.3, 5.3. Detta är inte automatiskt fel.
PTX-8AD905966C2B-01;WTX-3-3-1DD8F651-01;8AD905966C2B1546F95743F42C59C1FEF2AC7ED8;|budning utanför ordinarie tömningsperiod (1 nov-30 april)||;1;ACTIVE;3.3;Budning utanför ordinarie tömningsperiod (1 nov – 30 april);;;Persistent ID baseras på taxepunkt, variant och enhet, inte paragraf.
PTX-BD24BF80BC29-01;WTX-3-3-FBFC566D-01;BD24BF80BC29830F3FB15C1C4392A61B3AB2098D;|tömning av toalettvagnar eller liknande/styck||styck;1;ACTIVE;3.3;Tömning av toalettvagnar eller liknande /styck;;styck;Persistent ID baseras på taxepunkt, variant och enhet, inte paragraf.
PTX-612DC219A701-01;WTX-3-4-9133E119-01;612DC219A701572935141AA6169C47361D1DC5D5;|latrinbehållare 37 liter inkl. mottagning och behandling||liter;1;ACTIVE;3.4;Latrinbehållare 37 liter inkl. mottagning och behandling;;liter;Persistent ID baseras på taxepunkt, variant och enhet, inte paragraf.
PTX-5EEF1C65DC77-01;WTX-4-1-B795024E-01;5EEF1C65DC77FC4C1B2448875ED88A7D88F30295;|filtermassor upp till 500 kg||kilogram;1;ACTIVE;4.1;Filtermassor upp till 500 kg;;kilogram;Persistent ID baseras på taxepunkt, variant och enhet, inte paragraf.
PTX-20A6B6AB71AB-01;WTX-4-1-0E31E67F-01;20A6B6AB71AB395A070F2CCA0F54672E2E75B94F;|filtermassor 500-1000 kg||kilogram;1;ACTIVE;4.1;Filtermassor 500-1000 kg;;kilogram;Persistent ID baseras på taxepunkt, variant och enhet, inte paragraf.
PTX-AFD29F139F36-01;WTX-4-2-071AB816-01;AFD29F139F369E48BE7FF3241480A5C51E47AC45;|krav på information om hämtningstid||;1;ACTIVE;4.2;Krav på information om hämtningstid;;;Persistent ID baseras på taxepunkt, variant och enhet, inte paragraf.
PTX-6BC7765912FF-01;WTX-4-2-3B63873B-01;6BC7765912FF4E56CB790BFB578337A6902C183E;|krav på närvaro vid specificerad hämtningstid||;1;ACTIVE;4.2;Krav på närvaro vid specificerad hämtningstid;;;Persistent ID baseras på taxepunkt, variant och enhet, inte paragraf.
PTX-274699FD252B-01;WTX-4-2-3FA76AD3-01;274699FD252B4D723FA4291E9D82786582898D09;|hantering av kod för kodlås||;1;ACTIVE;4.2;Hantering av kod för kodlås;;;Persistent ID baseras på taxepunkt, variant och enhet, inte paragraf.
PTX-2CA3B01AF807-02;WTX-5-1-D8682920-01;2CA3B01AF807DD11A2768161CFFF6C948588CA66;|upp till 3 m3||m³;2;ACTIVE;5.1;Upp till 3 m3;;m³;"Persistent ID baseras på taxepunkt, variant och enhet, inte paragraf. Samma innehåll förekommer flera gånger; det är granskningsinformation, inte automatiskt fel. Innehållsfingerprint 2CA3B01AF807 förekommer 2 gånger i paragraf(er): 3.1, 5.1. Detta är inte automatiskt fel."
PTX-49F4634210A7-02;WTX-5-1-C8850526-01;49F4634210A7ED1916A70B66136EABAC7282CF01;|mellan 3 m3 och 6 m3||m³;2;ACTIVE;5.1;Mellan 3 m3 och 6 m3;;m³;"Persistent ID baseras på taxepunkt, variant och enhet, inte paragraf. Samma innehåll förekommer flera gånger; det är granskningsinformation, inte automatiskt fel. Innehållsfingerprint 49F4634210A7 förekommer 2 gånger i paragraf(er): 3.1, 5.1. Detta är inte automatiskt fel."
PTX-1B8D21CDB6C3-01;WTX-5-1-BCA1DDA4-01;1B8D21CDB6C3A95DB9EF08C5AE8E4CAD3E9E234A;|över 6 m3||m³;1;ACTIVE;5.1;Över 6 m3;;m³;Persistent ID baseras på taxepunkt, variant och enhet, inte paragraf.
PTX-FEDEFA757DBF-02;WTX-5-2-655E1528-01;FEDEFA757DBF1397EBC13CF7F1ABAADC997C8E9E;|dragning av extra slang vid 5-25 m||;2;ACTIVE;5.2;Dragning av extra slang vid 5-25 m;;;"Persistent ID baseras på taxepunkt, variant och enhet, inte paragraf. Samma innehåll förekommer flera gånger; det är granskningsinformation, inte automatiskt fel. Innehållsfingerprint FEDEFA757DBF förekommer 2 gånger i paragraf(er): 3.2, 5.2. Detta är inte automatiskt fel."
PTX-88F9C6A71171-02;WTX-5-2-A7AA1F3D-01;88F9C6A711712C12CA9764F0C5E33E295D81A6A1;|dragning av extra slang vid 25-35 m||;2;ACTIVE;5.2;Dragning av extra slang vid 25-35 m;;;"Persistent ID baseras på taxepunkt, variant och enhet, inte paragraf. Samma innehåll förekommer flera gånger; det är granskningsinformation, inte automatiskt fel. Innehållsfingerprint 88F9C6A71171 förekommer 2 gånger i paragraf(er): 3.2, 5.2. Detta är inte automatiskt fel."
PTX-4906D167E732-02;WTX-5-2-F8D52A2F-01;4906D167E732C482EEA77260BB02E518B3F4DC12;|dragning av extra slang vid 36-45 m||;2;ACTIVE;5.2;Dragning av extra slang vid 36-45 m;;;"Persistent ID baseras på taxepunkt, variant och enhet, inte paragraf. Samma innehåll förekommer flera gånger; det är granskningsinformation, inte automatiskt fel. Innehållsfingerprint 4906D167E732 förekommer 2 gånger i paragraf(er): 3.2, 5.2. Detta är inte automatiskt fel."
PTX-28F659E33B23-02;WTX-5-2-73EEC562-01;28F659E33B23DA4CFC2E34154A7AE51D2E859DB8;|dragning av extra slang vid 46-55 m||;2;ACTIVE;5.2;Dragning av extra slang vid 46-55 m;;;"Persistent ID baseras på taxepunkt, variant och enhet, inte paragraf. Samma innehåll förekommer flera gånger; det är granskningsinformation, inte automatiskt fel. Innehållsfingerprint 28F659E33B23 förekommer 2 gånger i paragraf(er): 3.2, 5.2. Detta är inte automatiskt fel."
PTX-0C0E778DF4A3-02;WTX-5-2-25CA087A-01;0C0E778DF4A310ADCC5FF2383815896249CA8F85;|hantering av brunnslock som väger 15-25 kg||kilogram;2;ACTIVE;5.2;Hantering av brunnslock som väger 15-25 kg;;kilogram;"Persistent ID baseras på taxepunkt, variant och enhet, inte paragraf. Samma innehåll förekommer flera gånger; det är granskningsinformation, inte automatiskt fel. Innehållsfingerprint 0C0E778DF4A3 förekommer 2 gånger i paragraf(er): 3.2, 5.2. Detta är inte automatiskt fel."
PTX-B9891B4EB0A7-02;WTX-5-2-1433469A-01;B9891B4EB0A7CF55448A38D2E91725B55FC89458;|krav på information om tömningstid||;2;ACTIVE;5.2;Krav på information om tömningstid;;;"Persistent ID baseras på taxepunkt, variant och enhet, inte paragraf. Samma innehåll förekommer flera gånger; det är granskningsinformation, inte automatiskt fel. Innehållsfingerprint B9891B4EB0A7 förekommer 2 gånger i paragraf(er): 3.2, 5.2. Detta är inte automatiskt fel."
PTX-2C4590B2B2C5-02;WTX-5-2-F13F04AF-01;2C4590B2B2C570029F9A645B27B941318BA1BD2E;|krav på närvaro vid specificerad tömningstid||;2;ACTIVE;5.2;Krav på närvaro vid specificerad tömningstid;;;"Persistent ID baseras på taxepunkt, variant och enhet, inte paragraf. Samma innehåll förekommer flera gånger; det är granskningsinformation, inte automatiskt fel. Innehållsfingerprint 2C4590B2B2C5 förekommer 2 gånger i paragraf(er): 3.2, 5.2. Detta är inte automatiskt fel."
PTX-AA6FA3AFA9BD-01;WTX-5-2-C4610DA0-01;AA6FA3AFA9BDBD59A85BCCDE7EDC3808A37EBACF;|hantering av kod för kodlås vid tömning||tömning;1;ACTIVE;5.2;Hantering av kod för kodlås vid tömning;;tömning;Persistent ID baseras på taxepunkt, variant och enhet, inte paragraf.
PTX-FD9815213A97-02;WTX-5-2-917DAAC5-01;FD9815213A979C4980C8FC986FC0A19C064248D8;|hetvattentvätt med spolbil, timersättning||;2;ACTIVE;5.2;Hetvattentvätt med spolbil, timersättning;;;"Persistent ID baseras på taxepunkt, variant och enhet, inte paragraf. Samma innehåll förekommer flera gånger; det är granskningsinformation, inte automatiskt fel. Innehållsfingerprint FD9815213A97 förekommer 2 gånger i paragraf(er): 3.2, 5.2. Detta är inte automatiskt fel."
PTX-7E4A99D8BD3F-01;WTX-5-2-6DE15803-01;7E4A99D8BD3FE064DAEC54FA6044DE1EA5D33994;|silikontätning per lock||;1;ACTIVE;5.2;Silikontätning per lock;;;Persistent ID baseras på taxepunkt, variant och enhet, inte paragraf.
PTX-A9A0D16915EE-01;WTX-5-2-375B5F1D-01;A9A0D16915EE746070926FECAEF899968A4CFBB0;|tömning av extra tank i samband med ordinarie/budad tömning upp till 5 m3||m³;1;ACTIVE;5.2;Tömning av extra tank i samband med ordinarie/budad tömning upp till 5 m3;;m³;Persistent ID baseras på taxepunkt, variant och enhet, inte paragraf.
PTX-892360035408-02;WTX-5-3-C2A5509B-01;892360035408B8BAA19003A70BE6D2A9BFD4B6A8;|budning inom ordinarie tömningsperiod (1 maj-31 oktober)||;2;ACTIVE;5.3;Budning inom ordinarie tömningsperiod (1 maj- 31 oktober);;;"Persistent ID baseras på taxepunkt, variant och enhet, inte paragraf. Samma innehåll förekommer flera gånger; det är granskningsinformation, inte automatiskt fel. Innehållsfingerprint 892360035408 förekommer 2 gånger i paragraf(er): 3.3, 5.3. Detta är inte automatiskt fel."
PTX-E5AFB44D91E3-01;WTX-5-3-7DE8FE14-01;E5AFB44D91E3A4B2BA748FA0C3780E5471B7010B;|budning utanför ordinarie tömningsperiod||;1;ACTIVE;5.3;Budning utanför ordinarie tömningsperiod;;;Persistent ID baseras på taxepunkt, variant och enhet, inte paragraf.
PTX-97C6E4D3C35B-01;WTX-6-1-1-9B2BED8C-01;97C6E4D3C35B5E0F1BF3664AAFB6F9FFA0A2DE80;|verksamheter||;1;ACTIVE;6.1.1;Verksamheter;;;Persistent ID baseras på taxepunkt, variant och enhet, inte paragraf.
PTX-8333D06B08A0-01;WTX-6-1-1-05F338A5-01;8333D06B08A010B2C4050BAF46C769386AD4F1CF;|övriga abonnemangstyper||;1;ACTIVE;6.1.1;Övriga abonnemangstyper;;;Persistent ID baseras på taxepunkt, variant och enhet, inte paragraf.
PTX-D0CAAFE989BB-01;WTX-6-1-1-FD030D2A-01;D0CAAFE989BBE6FD28F08D83D90F3C396EAFD72A;|vågkort||;1;ACTIVE;6.1.1;Vågkort;;;Persistent ID baseras på taxepunkt, variant och enhet, inte paragraf.
PTX-EF80E76CCD0A-01;WTX-6-1-1-E8E9150D-01;EF80E76CCD0ABA5FC763B5D12B6146C03B1A6172;|borttappat vågkort||;1;ACTIVE;6.1.1;Borttappat vågkort;;;Persistent ID baseras på taxepunkt, variant och enhet, inte paragraf.
PTX-27CAAA927597-01;WTX-6-1-1-C7E61C60-01;27CAAA92759708FF31CD351CD5DF89B573B1DF0E;|ej redovisad ankomst till åvc (för företagare och privatpersoner som lämnar verksamhetsavfall utan att anmäla sin ankomst)||besök;1;ACTIVE;6.1.1;Ej redovisad ankomst till ÅVC (för företagare och privatpersoner som lämnar verksamhetsavfall utan att anmäla sin ankomst);;besök;Persistent ID baseras på taxepunkt, variant och enhet, inte paragraf.
PTX-EDD2B6DCC1FD-01;WTX-6-1-1-01B52981-01;EDD2B6DCC1FD6D9248D82A4DC292365A67B704B6;|ej redovisad eller fel redovisad fraktion av avfall||fraktion;1;ACTIVE;6.1.1;Ej redovisad eller fel redovisad fraktion av avfall;;fraktion;Persistent ID baseras på taxepunkt, variant och enhet, inte paragraf.
PTX-D5FB7D35354B-01;WTX-6-1-2-D24098E5-01;D5FB7D35354B019CE1FB71E7F9815096A6B03813;|avfall till energiåtervinning (240 l sopsäck)||styck;1;ACTIVE;6.1.2;Avfall till energiåtervinning (240 L sopsäck);;styck;Persistent ID baseras på taxepunkt, variant och enhet, inte paragraf.
PTX-699C473DE5CB-01;WTX-6-1-2-705EDBA4-01;699C473DE5CB7A275F87F96ACDCF9EA4158930F3;|avfall till energiåtervinning||kilogram;1;ACTIVE;6.1.2;Avfall till energiåtervinning;;kilogram;Persistent ID baseras på taxepunkt, variant och enhet, inte paragraf.
PTX-B72BC843BD18-01;WTX-6-1-2-7B52EF6F-01;B72BC843BD18DD7CAE4A333E592926A1AE5B56F4;|skrymmande avfall till energiåtervinning större än 20x20x80||kilogram;1;ACTIVE;6.1.2;Skrymmande avfall till energiåtervinning större än 20×20×80;;kilogram;Persistent ID baseras på taxepunkt, variant och enhet, inte paragraf.
PTX-D96035626545-01;WTX-6-1-2-EEFD9FFB-01;D960356265456F1A2F21EB44AA1D24F1F5E292E6;|träavfall-obehandlat, utan tapet, plastmatta, tjärpapp||kilogram;1;ACTIVE;6.1.2;Träavfall – obehandlat, utan tapet, plastmatta, tjärpapp;;kilogram;Persistent ID baseras på taxepunkt, variant och enhet, inte paragraf.
PTX-206C58663975-01;WTX-6-1-2-4FE972A5-01;206C586639753D66E263992AE05CA2F8DFCBDE8D;|träavfall-behandlat, utan tapet, plastmatta, tjärpapp||kilogram;1;ACTIVE;6.1.2;Träavfall – behandlat, utan tapet, plastmatta, tjärpapp;;kilogram;Persistent ID baseras på taxepunkt, variant och enhet, inte paragraf.
PTX-1CBB841B441C-01;WTX-6-1-2-04B01B32-01;1CBB841B441C4C903222FF8C8DE231F3FCB1EB53;|tryckimpregnerat virke, pall||kilogram;1;ACTIVE;6.1.2;Tryckimpregnerat virke, pall;;kilogram;Persistent ID baseras på taxepunkt, variant och enhet, inte paragraf.
PTX-0C23EFFAC0C4-01;WTX-6-1-2-7DAF0BCB-01;0C23EFFAC0C407983E0DDB8E841E377882496CBA;|betong, lättbetong||kilogram;1;ACTIVE;6.1.2;Betong, lättbetong;;kilogram;Persistent ID baseras på taxepunkt, variant och enhet, inte paragraf.
PTX-7581C64BB1E5-01;WTX-6-1-2-1AD94FDF-01;7581C64BB1E55BD93B38847CBD38282B471EC250;|gips, gipsskivor||kilogram;1;ACTIVE;6.1.2;Gips, gipsskivor;;kilogram;Persistent ID baseras på taxepunkt, variant och enhet, inte paragraf.
PTX-71CB38D52697-01;WTX-6-1-2-6799BF8D-01;71CB38D526971286678DA400B119359D2CCD24AF;|tegel||kilogram;1;ACTIVE;6.1.2;Tegel;;kilogram;Persistent ID baseras på taxepunkt, variant och enhet, inte paragraf.
PTX-FFB209C9E171-01;WTX-6-1-2-F0C3E941-01;FFB209C9E1711FD2DC8A008E2BAAA7719A564F5B;|fönster-och planglas utan karm||kilogram;1;ACTIVE;6.1.2;Fönster- och planglas utan karm;;kilogram;Persistent ID baseras på taxepunkt, variant och enhet, inte paragraf.
PTX-34D08F03DC93-01;WTX-6-1-2-952D1CC0-01;34D08F03DC93601BE16D216B3047E08508B3E850;|fönster med karm||;1;ACTIVE;6.1.2;Fönster med karm;;;Persistent ID baseras på taxepunkt, variant och enhet, inte paragraf.
PTX-99AB18D8284B-01;WTX-6-1-2-BA899302-01;99AB18D8284BC6FCD07088F02D245940C5DE2CD1;|plast||kilogram;1;ACTIVE;6.1.2;Plast;;kilogram;Persistent ID baseras på taxepunkt, variant och enhet, inte paragraf.
PTX-D221560CE92A-01;WTX-6-1-2-50D3233B-01;D221560CE92AEB67EA4C1D7F3A7BCDF26D2EE1A4;|isolering utan innehåll av asbest||m³;1;ACTIVE;6.1.2;Isolering utan innehåll av asbest;;m³;Persistent ID baseras på taxepunkt, variant och enhet, inte paragraf.
PTX-D66103AF7EF0-01;WTX-6-1-2-6C36A1A4-01;D66103AF7EF017F3DEEAC591A62FA93C50C2930F;|klinker, keramik, porslin||kilogram;1;ACTIVE;6.1.2;Klinker, keramik, porslin;;kilogram;Persistent ID baseras på taxepunkt, variant och enhet, inte paragraf.
PTX-5DCA586D2916-01;WTX-6-1-2-E7BDE1FC-01;5DCA586D2916594B78DAE1A0E577E57803C94503;|handfat||styck;1;ACTIVE;6.1.2;Handfat;;styck;Persistent ID baseras på taxepunkt, variant och enhet, inte paragraf.
PTX-BA0687C317BE-01;WTX-6-1-2-EFB02B98-01;BA0687C317BE66A1C63405B1576564AF1EAC1988;|wc-stol||styck;1;ACTIVE;6.1.2;WC-stol;;styck;Persistent ID baseras på taxepunkt, variant och enhet, inte paragraf.
PTX-5ACACF0CBC7A-01;WTX-6-1-2-2A6BEA22-01;5ACACF0CBC7ADF6777AF55E7367EED427E11D45C;|metall||kilogram;1;ACTIVE;6.1.2;Metall;;kilogram;Persistent ID baseras på taxepunkt, variant och enhet, inte paragraf.
PTX-C25155B6B077-01;WTX-6-1-2-639F9AEB-01;C25155B6B0776EE477A7C644015913C73270BF24;|textilier||kilogram;1;ACTIVE;6.1.2;Textilier;;kilogram;Persistent ID baseras på taxepunkt, variant och enhet, inte paragraf.
PTX-0E56BE7B6B85-01;WTX-6-1-2-764ADCFA-01;0E56BE7B6B85CBE9003085B764EB07EF42988700;|fiskeredskap||kilogram;1;ACTIVE;6.1.2;Fiskeredskap;;kilogram;Persistent ID baseras på taxepunkt, variant och enhet, inte paragraf.
PTX-1A635A16A6DD-01;WTX-6-1-2-87FF656A-01;1A635A16A6DD73201F4BB80F44840A81A1CCC081;|ätbart fett/frityrolja||liter;1;ACTIVE;6.1.2;Ätbart fett/frityrolja;;liter;Persistent ID baseras på taxepunkt, variant och enhet, inte paragraf.
PTX-324709B291E4-01;WTX-6-1-2-AC9C54AC-01;324709B291E45B91E1D83AF70AF3EB80BBDB5E97;|kvistar och grenar||m³;1;ACTIVE;6.1.2;Kvistar och grenar;;m³;Persistent ID baseras på taxepunkt, variant och enhet, inte paragraf.
PTX-A7724FF5B718-01;WTX-6-1-2-953CAB34-01;A7724FF5B718B76BE8A122E7D9E08EDDDB3E41C4;|jord||;1;ACTIVE;6.1.2;Jord;;;Persistent ID baseras på taxepunkt, variant och enhet, inte paragraf.
PTX-09F7C408B08B-01;WTX-6-1-2-9C2CD8D6-01;09F7C408B08BEB2E6893408AEC9515AA3CEADDA9;|sten||;1;ACTIVE;6.1.2;Sten;;;Persistent ID baseras på taxepunkt, variant och enhet, inte paragraf.
PTX-0B148A8474C2-01;WTX-6-1-2-1A2C7BD2-01;0B148A8474C24AD327108F72C28662A04265CCD8;|stubbar/rötter för krossning||;1;ACTIVE;6.1.2;Stubbar/rötter för krossning;;;Persistent ID baseras på taxepunkt, variant och enhet, inte paragraf.
PTX-89B3D30A6CBE-01;WTX-6-1-2-F8129FBC-01;89B3D30A6CBEA62F8C3CA97DEBD7B267D6BC3DCD;|flera fraktioner för egen sortering på ramp (max2 m³)||m³;1;ACTIVE;6.1.2;Flera fraktioner för egen sortering på ramp (max 2 m³);;m³;Persistent ID baseras på taxepunkt, variant och enhet, inte paragraf.
PTX-2CBCBCED4754-01;WTX-6-1-2-47670F29-01;2CBCBCED47549E8A5B6730660D18BB7A23E9A301;|osorterat avfall till sortering (ej innehåll av farligt avfall och elavfall)||;1;ACTIVE;6.1.2;Osorterat avfall till sortering (ej innehåll av farligt avfall och elavfall);;;Persistent ID baseras på taxepunkt, variant och enhet, inte paragraf.
PTX-C908A21CC1D4-01;WTX-6-1-2-B4CB7276-01;C908A21CC1D49B47EC34AD45183072D82E140322;|tonerkassetter, utan elektronik/chip||kilogram;1;ACTIVE;6.1.2;Tonerkassetter, utan elektronik/chip;;kilogram;Persistent ID baseras på taxepunkt, variant och enhet, inte paragraf.
PTX-36C8EA4E0E68-01;WTX-6-1-2-D30E203F-01;36C8EA4E0E68A2027E0343AD1A0CD91E1386FDFE;|oljeemulsion, emballerat||kilogram;1;ACTIVE;6.1.2;Oljeemulsion, emballerat;;kilogram;Persistent ID baseras på taxepunkt, variant och enhet, inte paragraf.
PTX-7A4E8FCC29B6-01;WTX-6-1-2-4E7976B0-01;7A4E8FCC29B6605868C3059A5DE854ED4BBB5294;|förorenad olja innehållande pcb||kilogram;1;ACTIVE;6.1.2;Förorenad olja innehållande PCB;;kilogram;Persistent ID baseras på taxepunkt, variant och enhet, inte paragraf.
PTX-2F01F7FF2859-01;WTX-6-1-2-C1FA0DCE-01;2F01F7FF2859F7C32B17801A84D2A9C5F0071D00;|oljeavskiljarslam||kilogram;1;ACTIVE;6.1.2;Oljeavskiljarslam;;kilogram;Persistent ID baseras på taxepunkt, variant och enhet, inte paragraf.
PTX-40D8C50909D8-01;WTX-6-1-2-8535DEA3-01;40D8C50909D8C7DF07BE3A29E8CB9634AA0A93E7;|diesel||kilogram;1;ACTIVE;6.1.2;Diesel;;kilogram;Persistent ID baseras på taxepunkt, variant och enhet, inte paragraf.
PTX-BB83DB05FF47-01;WTX-6-1-2-F8CCD078-01;BB83DB05FF473B9FC14FAB56A816621DA90555F3;|bensinrester||kilogram;1;ACTIVE;6.1.2;Bensinrester;;kilogram;Persistent ID baseras på taxepunkt, variant och enhet, inte paragraf.
PTX-CBD82BE61BDD-01;WTX-6-1-2-B4156AE5-01;CBD82BE61BDDC9D82FD1C263992ABEA8B3367364;|hydralslang, med/utan koppling||kilogram;1;ACTIVE;6.1.2;Hydralslang, med/utan koppling;;kilogram;Persistent ID baseras på taxepunkt, variant och enhet, inte paragraf.
PTX-00E1E60A8F07-01;WTX-6-1-2-26C4C668-01;00E1E60A8F076AE33E181DB547FBDCF8A1A9D4D0;|förpackningar, tömde ej rengjorda||kilogram;1;ACTIVE;6.1.2;Förpackningar, tömde ej rengjorda;;kilogram;Persistent ID baseras på taxepunkt, variant och enhet, inte paragraf.
PTX-008B3F1CA0A6-01;WTX-6-1-2-8BE029F0-01;008B3F1CA0A6AB64C855E267EEAE441E8AE11ECD;|oljeavfall, fast osorterat emba||kilogram;1;ACTIVE;6.1.2;Oljeavfall, fast osorterat emba;;kilogram;Persistent ID baseras på taxepunkt, variant och enhet, inte paragraf.
PTX-A1BFBF5A7F4E-01;WTX-6-1-2-9A799F6B-01;A1BFBF5A7F4EECC51F7B5A14560824DEF96268C9;|absorbermedel, filtermaterial||kilogram;1;ACTIVE;6.1.2;Absorbermedel, filtermaterial;;kilogram;Persistent ID baseras på taxepunkt, variant och enhet, inte paragraf.
PTX-A682984488A6-01;WTX-6-1-2-3DD07E8B-01;A682984488A6B3FA57C5558C1767B70B2849E1B7;|oljefilter||kilogram;1;ACTIVE;6.1.2;Oljefilter;;kilogram;Persistent ID baseras på taxepunkt, variant och enhet, inte paragraf.
PTX-C7F77009500F-01;WTX-6-1-2-F8A4193B-01;C7F77009500FD45865A8E9A39231F3DECEE9C838;|bromsvätska||kilogram;1;ACTIVE;6.1.2;Bromsvätska;;kilogram;Persistent ID baseras på taxepunkt, variant och enhet, inte paragraf.
PTX-47D2E751577F-01;WTX-6-1-2-A3A588E8-01;47D2E751577FA476BD3A1A3A51B6209EA5022DEF;|transformator, kondensator med pcb||kilogram;1;ACTIVE;6.1.2;Transformator, kondensator med PCB;;kilogram;Persistent ID baseras på taxepunkt, variant och enhet, inte paragraf.
PTX-C9FBFF5CEA25-01;WTX-6-1-2-2C9DF7D3-01;C9FBFF5CEA25803AA9E10B61FDE8060CEA16DAF5;|fogskum||kilogram;1;ACTIVE;6.1.2;Fogskum;;kilogram;Persistent ID baseras på taxepunkt, variant och enhet, inte paragraf.
PTX-2D4373A4CAE1-01;WTX-6-1-2-B99E308C-01;2D4373A4CAE11EAE3FE48312E9D7CD4FE65C81A0;|halon||kilogram;1;ACTIVE;6.1.2;Halon;;kilogram;Persistent ID baseras på taxepunkt, variant och enhet, inte paragraf.
PTX-DDD8F5DBB8BA-01;WTX-6-1-2-69E6975C-01;DDD8F5DBB8BA40C6133C7CF6A4F08CE736220437;|koldioxid||kilogram;1;ACTIVE;6.1.2;Koldioxid;;kilogram;Persistent ID baseras på taxepunkt, variant och enhet, inte paragraf.
PTX-16312C85BADE-01;WTX-6-1-2-A9D7C1DF-01;16312C85BADEB265337894B71D31026324256AF2;|brandsläckare||kilogram;1;ACTIVE;6.1.2;Brandsläckare;;kilogram;Persistent ID baseras på taxepunkt, variant och enhet, inte paragraf.
PTX-2289AD7836D1-01;WTX-6-1-2-B68BE7CF-01;2289AD7836D184AEED487D972533A2FCA82504FE;|helium||kilogram;1;ACTIVE;6.1.2;Helium;;kilogram;Persistent ID baseras på taxepunkt, variant och enhet, inte paragraf.
PTX-5A568A169394-01;WTX-6-1-2-56FFB179-01;5A568A16939489C94FD51EBE3C1D3AD6F65C4E58;|tändare||kilogram;1;ACTIVE;6.1.2;Tändare;;kilogram;Persistent ID baseras på taxepunkt, variant och enhet, inte paragraf.
PTX-948EDE06E76F-01;WTX-6-1-2-A2490E8F-01;948EDE06E76F31F00CB2384C32CB5F14363B8855;|syrgas||kilogram;1;ACTIVE;6.1.2;Syrgas;;kilogram;Persistent ID baseras på taxepunkt, variant och enhet, inte paragraf.
PTX-D3A6085BECB7-01;WTX-6-1-2-D6646535-01;D3A6085BECB79BADF2C53983130FE53D009C3A97;|oxiderande fast ämne/vätska||kilogram;1;ACTIVE;6.1.2;Oxiderande fast ämne/vätska;;kilogram;Persistent ID baseras på taxepunkt, variant och enhet, inte paragraf.
PTX-F1FFEF7B54CB-01;WTX-6-1-2-368D55A2-01;F1FFEF7B54CBF79AA00E50CDD2ADA15BBB177AAB;|klorex||kilogram;1;ACTIVE;6.1.2;Klorex;;kilogram;Persistent ID baseras på taxepunkt, variant och enhet, inte paragraf.
PTX-D07381924FF9-01;WTX-6-1-2-46C0D27C-01;D07381924FF9234F77024413273AC8EFF2CCCEB8;|aerosoler isocyanat, bekämpning||kilogram;1;ACTIVE;6.1.2;Aerosoler isocyanat, bekämpning;;kilogram;Persistent ID baseras på taxepunkt, variant och enhet, inte paragraf.
PTX-F8E03981532C-01;WTX-6-1-2-972B60B3-01;F8E03981532C0710ADD39A9C5631041BD692DBD7;|gasol inkl tub||kilogram;1;ACTIVE;6.1.2;Gasol inkl tub;;kilogram;Persistent ID baseras på taxepunkt, variant och enhet, inte paragraf.
PTX-A9F2A3794500-01;WTX-6-1-2-EDAF13D8-01;A9F2A3794500A4C0D3865BEE4F016157E403E91B;|gasol, blå programmet||kilogram;1;ACTIVE;6.1.2;Gasol, blå programmet;;kilogram;Persistent ID baseras på taxepunkt, variant och enhet, inte paragraf.
PTX-BD292A0B3CB4-01;WTX-6-1-2-CB231635-01;BD292A0B3CB48E8D64C64B04EF9ADDFD4FD7F74A;|giftig organisk vätska||kilogram;1;ACTIVE;6.1.2;Giftig organisk vätska;;kilogram;Persistent ID baseras på taxepunkt, variant och enhet, inte paragraf.
PTX-5503C7B3805C-01;WTX-6-1-2-1F7DAB03-01;5503C7B3805C0FF1A80062B1E08E1DCBADC736A4;|småkemikalier, ej hg-haltiga||kilogram;1;ACTIVE;6.1.2;Småkemikalier, ej Hg-haltiga;;kilogram;Persistent ID baseras på taxepunkt, variant och enhet, inte paragraf.
PTX-DB001739E9F5-01;WTX-6-1-2-F99E0CD6-01;DB001739E9F56CCC94B16CE971B9C7E17BED0728;|giftig oorganisk vätska||kilogram;1;ACTIVE;6.1.2;Giftig oorganisk vätska;;kilogram;Persistent ID baseras på taxepunkt, variant och enhet, inte paragraf.
PTX-5D92FC7F923A-01;WTX-6-1-2-C77D6230-01;5D92FC7F923A437AD8EB16A4A6402F1EE0643D56;|oxidationsmedel, flytande||kilogram;1;ACTIVE;6.1.2;Oxidationsmedel, flytande;;kilogram;Persistent ID baseras på taxepunkt, variant och enhet, inte paragraf.
PTX-2173BA4EBEA8-01;WTX-6-1-2-BB5B8C04-01;2173BA4EBEA81AB3002136E2A19A2532110CD64A;|asbest, emballerat||kilogram;1;ACTIVE;6.1.2;Asbest, emballerat;;kilogram;Persistent ID baseras på taxepunkt, variant och enhet, inte paragraf.
PTX-51DE2173F705-01;WTX-6-1-2-812B8F3E-01;51DE2173F7052EE07402421415F1E30C13DC087B;|smittförande avfall||kilogram;1;ACTIVE;6.1.2;Smittförande avfall;;kilogram;Persistent ID baseras på taxepunkt, variant och enhet, inte paragraf.
PTX-88C9A14A6BA8-01;WTX-6-1-2-312EF30C-01;88C9A14A6BA883F3F1D8DEF62AA6C3C3AAC355B7;|lösningsmedel||kilogram;1;ACTIVE;6.1.2;Lösningsmedel;;kilogram;Persistent ID baseras på taxepunkt, variant och enhet, inte paragraf.
PTX-01CC82079F7E-01;WTX-6-1-2-BE77983D-01;01CC82079F7EC99D0A9744041938D8C9DDBAD90E;|väteperoxid||kilogram;1;ACTIVE;6.1.2;Väteperoxid;;kilogram;Persistent ID baseras på taxepunkt, variant och enhet, inte paragraf.
PTX-C391073A57DF-01;WTX-6-1-2-3E0679B5-01;C391073A57DFD509B41FAECA263B2551C35320D3;|flourvätesyra||kilogram;1;ACTIVE;6.1.2;Flourvätesyra;;kilogram;Persistent ID baseras på taxepunkt, variant och enhet, inte paragraf.
PTX-5296C61B8FD2-01;WTX-6-1-2-213E57DC-01;5296C61B8FD2B4983EE1199504B84B6071C5237A;|svavelsyra||kilogram;1;ACTIVE;6.1.2;Svavelsyra;;kilogram;Persistent ID baseras på taxepunkt, variant och enhet, inte paragraf.
PTX-84901013307E-01;WTX-6-1-2-4E08A95E-01;84901013307EC81E364BD130C84668552F7F690F;|salpetersyra||kilogram;1;ACTIVE;6.1.2;Salpetersyra;;kilogram;Persistent ID baseras på taxepunkt, variant och enhet, inte paragraf.
PTX-D87275CC3C53-01;WTX-6-1-2-9C54DC64-01;D87275CC3C53F571C1B1A1096F4734E65B91D848;|surt oorganisk fast ämne||kilogram;1;ACTIVE;6.1.2;Surt oorganisk fast ämne;;kilogram;Persistent ID baseras på taxepunkt, variant och enhet, inte paragraf.
PTX-900F30FEFCF2-01;WTX-6-1-2-359B3510-01;900F30FEFCF21277A18DCE61B915CA150CC39A47;|surt organisk fast ämne||kilogram;1;ACTIVE;6.1.2;Surt organisk fast ämne;;kilogram;Persistent ID baseras på taxepunkt, variant och enhet, inte paragraf.
PTX-A4855A137A27-01;WTX-6-1-2-38753B31-01;A4855A137A2726A7B6D3FA172BC4E368E0405594;|surt oorganisk vätska||kilogram;1;ACTIVE;6.1.2;Surt oorganisk vätska;;kilogram;Persistent ID baseras på taxepunkt, variant och enhet, inte paragraf.
PTX-3B042F622406-01;WTX-6-1-2-9F25D585-01;3B042F622406A1E2A6EFDF9437836D5FFF10EA8D;|surt organisk vätska||kilogram;1;ACTIVE;6.1.2;Surt organisk vätska;;kilogram;Persistent ID baseras på taxepunkt, variant och enhet, inte paragraf.
PTX-356873C28A64-01;WTX-6-1-2-5415F3B6-01;356873C28A645C0EC67DFB44ED701F3E90E4B8ED;|ammoniaklösning||kilogram;1;ACTIVE;6.1.2;Ammoniaklösning;;kilogram;Persistent ID baseras på taxepunkt, variant och enhet, inte paragraf.
PTX-1C397EC562F7-01;WTX-6-1-2-D9B82314-01;1C397EC562F76382CF23377FDB62A07A4EBF5B05;|alkaliskt avfall fast||kilogram;1;ACTIVE;6.1.2;Alkaliskt avfall fast;;kilogram;Persistent ID baseras på taxepunkt, variant och enhet, inte paragraf.
PTX-D5B409880FFF-01;WTX-6-1-2-0CE1C360-01;D5B409880FFF6611FF9B850D4848566BB6F6F9EB;|basiskt organiskt fast/flytande||kilogram;1;ACTIVE;6.1.2;Basiskt organiskt fast/flytande;;kilogram;Persistent ID baseras på taxepunkt, variant och enhet, inte paragraf.
PTX-93B527871849-01;WTX-6-1-2-C7377547-01;93B52787184970D1F78DEB56EF108B83B257910E;|fotokemikalier||kilogram;1;ACTIVE;6.1.2;Fotokemikalier;;kilogram;Persistent ID baseras på taxepunkt, variant och enhet, inte paragraf.
PTX-AEDD5D0E38CD-01;WTX-6-1-2-784920E0-01;AEDD5D0E38CD6AB21A98AC459AEB8E9F373068C9;|bekämpningsmedel aerosoler||kilogram;1;ACTIVE;6.1.2;Bekämpningsmedel aerosoler;;kilogram;Persistent ID baseras på taxepunkt, variant och enhet, inte paragraf.
PTX-7A31A65D0D43-01;WTX-6-1-2-09E4B897-01;7A31A65D0D43A0936C665746D43D21921A38652F;|bekämpningsmedel fast||kilogram;1;ACTIVE;6.1.2;Bekämpningsmedel fast;;kilogram;Persistent ID baseras på taxepunkt, variant och enhet, inte paragraf.
PTX-2F2D29AAE9BA-01;WTX-6-1-2-873ED040-01;2F2D29AAE9BA511CD3DA42ACA6B84C35E4C76444;|bekämpningsmedel flytande||kilogram;1;ACTIVE;6.1.2;Bekämpningsmedel flytande;;kilogram;Persistent ID baseras på taxepunkt, variant och enhet, inte paragraf.
PTX-43DEAD25635D-01;WTX-6-1-2-FE5C5351-01;43DEAD25635DBA0D0C80F1F809BF7DACF98FADAD;|kvicksilverhaltigt avfall||kilogram;1;ACTIVE;6.1.2;Kvicksilverhaltigt avfall;;kilogram;Persistent ID baseras på taxepunkt, variant och enhet, inte paragraf.
PTX-3A631A43979C-01;WTX-6-1-2-90927C1E-01;3A631A43979C849A7D1C9C968C55F6F62F5FC4F9;|kvicksilver i föremål||kilogram;1;ACTIVE;6.1.2;Kvicksilver i föremål;;kilogram;Persistent ID baseras på taxepunkt, variant och enhet, inte paragraf.
PTX-8B4FF108FC82-01;WTX-6-1-2-9D3BD43B-01;8B4FF108FC821A92F54B591DA8E89BE8535AE51C;|oljehaltigt avfall (ej pcb)||liter;1;ACTIVE;6.1.2;Oljehaltigt avfall (ej PCB);;liter;Persistent ID baseras på taxepunkt, variant och enhet, inte paragraf.
PTX-F9C645D10837-01;WTX-6-1-2-102A672F-01;F9C645D1083780C0606520BDBE88BFE28663799F;|olja förorenad (ej pcb)||liter;1;ACTIVE;6.1.2;Olja förorenad (ej PCB);;liter;Persistent ID baseras på taxepunkt, variant och enhet, inte paragraf.
PTX-2A1938358C1E-01;WTX-6-1-2-DDF8034A-01;2A1938358C1EE73CB65C880837DF21835F33D064;|färg-, lack-, limburkar lösning||kilogram;1;ACTIVE;6.1.2;Färg-, lack-, limburkar lösning;;kilogram;Persistent ID baseras på taxepunkt, variant och enhet, inte paragraf.
PTX-FE777E8CAA52-01;WTX-6-1-2-FDF4F8F4-01;FE777E8CAA521C6751C0471D4A434363D9B206A4;|färg-, lack-, limburkar lösning aerosoler||kilogram;1;ACTIVE;6.1.2;Färg-, lack-, limburkar lösning aerosoler;;kilogram;Persistent ID baseras på taxepunkt, variant och enhet, inte paragraf.
PTX-EC3E55817CAF-01;WTX-6-1-2-59D826B9-01;EC3E55817CAF7EDAAEA5298F73315E8E59E9DA29;|isocyanater||kilogram;1;ACTIVE;6.1.2;Isocyanater;;kilogram;Persistent ID baseras på taxepunkt, variant och enhet, inte paragraf.
PTX-620749AC36D5-01;WTX-6-1-2-34CA444C-01;620749AC36D5CC68A5EAC1CEB747BD8DFBCC3F72;|härdare metyl-etylketonperoxid||kilogram;1;ACTIVE;6.1.2;Härdare metyl- etylketonperoxid;;kilogram;Persistent ID baseras på taxepunkt, variant och enhet, inte paragraf.
PTX-7884577F657C-01;WTX-6-1-2-7D8A629C-01;7884577F657CF6B14D14572E8908ABEE7D0EBE8E;|härdare dibenzoylperoxid||kilogram;1;ACTIVE;6.1.2;Härdare dibenzoylperoxid;;kilogram;Persistent ID baseras på taxepunkt, variant och enhet, inte paragraf.
PTX-D9B6A3476A90-01;WTX-6-1-2-FB0CD0FE-01;D9B6A3476A905EA5AB1CD6792B956BC78B9F5925;|färg-, lack-, limburkar vattenbaserade||kilogram;1;ACTIVE;6.1.2;Färg-,lack-, limburkar vattenbaserade;;kilogram;Persistent ID baseras på taxepunkt, variant och enhet, inte paragraf.
PTX-DD6405A413E4-01;WTX-6-1-2-A1B0BA6F-01;DD6405A413E4BAAAAA10E124F6837E1D0EF5F05E;|tensida alkaliska flytande avfall||kilogram;1;ACTIVE;6.1.2;Tensida alkaliska flytande avfall;;kilogram;Persistent ID baseras på taxepunkt, variant och enhet, inte paragraf.
PTX-F0EBBFDAB77D-01;WTX-6-1-2-016E8BC5-01;F0EBBFDAB77D844B9A91794079F130785738DC95;|rengöring/vaskmedel fast||kilogram;1;ACTIVE;6.1.2;Rengöring/vaskmedel fast;;kilogram;Persistent ID baseras på taxepunkt, variant och enhet, inte paragraf.
PTX-5946BC53830C-01;WTX-6-1-2-498A121A-01;5946BC53830C96FA0373A317F5A95811AFDCB161;|alkaliska flytande avfall||kilogram;1;ACTIVE;6.1.2;Alkaliska flytande avfall;;kilogram;Persistent ID baseras på taxepunkt, variant och enhet, inte paragraf.
PTX-F58EFEB1ED35-01;WTX-6-1-2-981A6629-01;F58EFEB1ED35D7CDCA04388D96E3092B52BC2529;|cytotoxiska läkemedel, cytostat||kilogram;1;ACTIVE;6.1.2;Cytotoxiska läkemedel, cytostat;;kilogram;Persistent ID baseras på taxepunkt, variant och enhet, inte paragraf.
PTX-E8AE65A6C997-01;WTX-6-1-2-7065AD31-01;E8AE65A6C9974F485552CF703EB7BF90594420C9;|rökdetektor med andra isotoper||kilogram;1;ACTIVE;6.1.2;Rökdetektor med andra isotoper;;kilogram;Persistent ID baseras på taxepunkt, variant och enhet, inte paragraf.
PTX-05FEFEC08B50-01;WTX-6-1-2-CF5A11C8-01;05FEFEC08B50D0C58D5CF9B5760B7F6B9309773A;|rökdetektor med am 241||kilogram;1;ACTIVE;6.1.2;Rökdetektor med Am 241;;kilogram;Persistent ID baseras på taxepunkt, variant och enhet, inte paragraf.
PTX-92718979A72E-01;WTX-6-1-2-1022904D-01;92718979A72E3790866DAEB9E2757D7599367BE2;|batterier stav, pencell||kilogram;1;ACTIVE;6.1.2;Batterier stav, pencell;;kilogram;Persistent ID baseras på taxepunkt, variant och enhet, inte paragraf.
PTX-3D0BBC4BE4F4-01;WTX-6-1-2-0BDFD948-01;3D0BBC4BE4F41FBEA14EDC0BD75CA42A4F4A56E4;|batterier lithium||kilogram;1;ACTIVE;6.1.2;Batterier lithium;;kilogram;Persistent ID baseras på taxepunkt, variant och enhet, inte paragraf.
PTX-F4462CBB41D3-01;WTX-6-1-2-C837FDC0-01;F4462CBB41D305F0606164BE8C7B3CBA3C236EF9;|bil-, mcbatteri med bly||styck;1;ACTIVE;6.1.2;Bil-, mcbatteri med bly;;styck;Persistent ID baseras på taxepunkt, variant och enhet, inte paragraf.
PTX-0C1A18B49B54-01;WTX-6-1-2-70FAE276-01;0C1A18B49B540820797222963B8E9D7112FB2EEA;|glödlampor||kilogram;1;ACTIVE;6.1.2;Glödlampor;;kilogram;Persistent ID baseras på taxepunkt, variant och enhet, inte paragraf.
PTX-140D3940EF22-01;WTX-6-1-2-6871D685-01;140D3940EF221D0EB778DFE5AB261CC227E7321B;|lysrör||kilogram;1;ACTIVE;6.1.2;Lysrör;;kilogram;Persistent ID baseras på taxepunkt, variant och enhet, inte paragraf.
PTX-76CB322CFDAB-01;WTX-6-1-2-9A7CEC7B-01;76CB322CFDAB804DDF9B08B521B33AF5700FE5A4;|elavfall, små elektronik||kilogram;1;ACTIVE;6.1.2;Elavfall, små elektronik;;kilogram;Persistent ID baseras på taxepunkt, variant och enhet, inte paragraf.
PTX-2A356C5DFB81-01;WTX-6-1-2-25432655-01;2A356C5DFB8122CAE4E727707B90B745FCCCEF9A;|el-avfall fast installation||kilogram;1;ACTIVE;6.1.2;El-avfall fast installation;;kilogram;Persistent ID baseras på taxepunkt, variant och enhet, inte paragraf.
PTX-284F940EC8AF-01;WTX-6-1-2-28723D4D-01;284F940EC8AF5C9258777682A35E1F6ECC4526C7;|el-avfall kabel||kilogram;1;ACTIVE;6.1.2;El-avfall kabel;;kilogram;Persistent ID baseras på taxepunkt, variant och enhet, inte paragraf.
PTX-9543E7D7909E-01;WTX-6-1-2-9D757B1C-01;9543E7D7909E5AFE3875567A3911990AC1A39298;|toner, färgpatron med elektronik||kilogram;1;ACTIVE;6.1.2;Toner, färgpatron med elektronik;;kilogram;Persistent ID baseras på taxepunkt, variant och enhet, inte paragraf.
PTX-7D3E34121906-01;WTX-6-1-2-038D4175-01;7D3E34121906A2825A084A2A3E40E3149C1D21EE;|tv, radio, skärm, skrivare utan färgpatron||kilogram;1;ACTIVE;6.1.2;Tv, radio, skärm, skrivare utan färgpatron;;kilogram;Persistent ID baseras på taxepunkt, variant och enhet, inte paragraf.
PTX-6DEECEF28DB0-01;WTX-6-1-2-7252BE74-01;6DEECEF28DB09D2C45E7A66B40B7D93CB906331A;|kyl-, frysskåp,-box||styck;1;ACTIVE;6.1.2;Kyl-, frysskåp, -box;;styck;Persistent ID baseras på taxepunkt, variant och enhet, inte paragraf.
PTX-19B73DD55A0F-01;WTX-6-1-2-C72A580E-01;19B73DD55A0FE835D56BEF2E6977AF9EE26B2AA4;|kyl-, frysskåp,-boxfrån verksamhet||kilogram;1;ACTIVE;6.1.2;Kyl-, frysskåp, -box från verksamhet;;kilogram;Persistent ID baseras på taxepunkt, variant och enhet, inte paragraf.
PTX-703849E7DB8C-01;WTX-6-1-2-4646C644-01;703849E7DB8C7DDEDB63D71FFC29C8967F482F3C;|spis, tvätt-, diskmaskin||styck;1;ACTIVE;6.1.2;Spis, tvätt-, diskmaskin;;styck;Persistent ID baseras på taxepunkt, variant och enhet, inte paragraf.
PTX-F2C617489312-01;WTX-6-1-2-3C8C5541-01;F2C6174893123701371C05A94E34302CCF8D4E33;|spis, tvätt-, diskmaskin från verksamhet||kilogram;1;ACTIVE;6.1.2;Spis, tvätt-, diskmaskin från verksamhet;;kilogram;Persistent ID baseras på taxepunkt, variant och enhet, inte paragraf.
PTX-D3A12BA5C378-01;WTX-6-1-3-7AFD09A4-01;D3A12BA5C37814DC6F85FB0DC5886CEC725C9A4D;|containerxm3||m³;1;ACTIVE;6.1.3;Container X m3;;m³;Persistent ID baseras på taxepunkt, variant och enhet, inte paragraf. Innehållsfingerprint D3A12BA5C378 förekommer 3 gånger i paragraf(er): 6.1.3. Detta är inte automatiskt fel.
PTX-D3A12BA5C378-02;WTX-6-1-3-7AFD09A4-02;D3A12BA5C37814DC6F85FB0DC5886CEC725C9A4D;|containerxm3||m³;2;ACTIVE;6.1.3;Container X m3;;m³;"Persistent ID baseras på taxepunkt, variant och enhet, inte paragraf. Samma innehåll förekommer flera gånger; det är granskningsinformation, inte automatiskt fel. Innehållsfingerprint D3A12BA5C378 förekommer 3 gånger i paragraf(er): 6.1.3. Detta är inte automatiskt fel."
PTX-D3A12BA5C378-03;WTX-6-1-3-7AFD09A4-03;D3A12BA5C37814DC6F85FB0DC5886CEC725C9A4D;|containerxm3||m³;3;ACTIVE;6.1.3;Container X m3;;m³;"Persistent ID baseras på taxepunkt, variant och enhet, inte paragraf. Samma innehåll förekommer flera gånger; det är granskningsinformation, inte automatiskt fel. Innehållsfingerprint D3A12BA5C378 förekommer 3 gånger i paragraf(er): 6.1.3. Detta är inte automatiskt fel."
PTX-30E14AACA4B1-01;WTX-6-1-3-EAFB51FF-01;30E14AACA4B1914FFD9D9BCE9EA6A81B48543850;|omklassning av felsorterad container||container;1;ACTIVE;6.1.3;Omklassning av felsorterad container;;container;Persistent ID baseras på taxepunkt, variant och enhet, inte paragraf.
PTX-65DB60F9B5E0-01;WTX-6-1-4-74EAAEDD-01;65DB60F9B5E0BF7AC89F7B0814FDF8FCD5E1CF47;|okänt farligt avfall (säkerhetsdatablad saknas)||fraktion;1;ACTIVE;6.1.4;Okänt farligt avfall (säkerhetsdatablad saknas);;fraktion;Persistent ID baseras på taxepunkt, variant och enhet, inte paragraf.
PTX-1E8FE158203D-01;WTX-6-1-4-2DB74442-01;1E8FE158203D06D1A4A8A6EDD46A1F5220BAC5AE;|ombud för rapportering av farligt avfall i avfallsregistret||tillfälle;1;ACTIVE;6.1.4;Ombud för rapportering av farligt avfall i Avfallsregistret;;tillfälle;Persistent ID baseras på taxepunkt, variant och enhet, inte paragraf.
PTX-C9590595073A-01;WTX-6-1-4-5C9D4FF2-01;C9590595073A94DA2066242382A83D845D7D9BB0;|administrativ rapporteringsavgift till avfallsregistret||tillfälle;1;ACTIVE;6.1.4;Administrativ rapporteringsavgift till Avfallsregistret;;tillfälle;Persistent ID baseras på taxepunkt, variant och enhet, inte paragraf.
PTX-C2BDBA4C78B3-01;WTX-6-1-4-1285A6BE-01;C2BDBA4C78B3E95D30A856FF70E11977871A3BE8;|ombud för registrering av el-kretsen avlämnarintyg i hämtplatsportalen||tillfälle;1;ACTIVE;6.1.4;Ombud för registrering av El-kretsen avlämnarintyg i Hämtplatsportalen;;tillfälle;Persistent ID baseras på taxepunkt, variant och enhet, inte paragraf.
