Tax code;Prefix;Container type;Volume liter;Waste code;Waste type;Interval;Variant;Suffix;Family key;Confidence;Notes
A;;;;;;;A;;;0.10;Kunde inte identifiera prefix.
AF;;;;;;;AF;;;0.10;Kunde inte identifiera prefix.
AFC;;;;;;;AFC;;;0.10;Kunde inte identifiera prefix.
AKUT;;;;;;;AKUT;;;0.10;Kunde inte identifiera prefix.
AKUTSÄCK;;;;;;;AKUTSÄCK;;;0.10;Kunde inte identifiera prefix.
AMOAVISER;;;;;;;AMOAVISER;;;0.10;Kunde inte identifiera prefix.
AMOPLAN;;;;;;;AMOPLAN;;;0.10;Kunde inte identifiera prefix.
AMORÄNTA;;;;;;;AMORÄNTA;;;0.10;Kunde inte identifiera prefix.
AMOUPP;;;;;;;AMOUPP;;;0.10;Kunde inte identifiera prefix.
ANL03SL;;;;;;;;ANL03SL;;0.00;Okänd suffix: ANL03SL | Kunde inte identifiera prefix.
ANL36SL;;;;;;;;ANL36SL;;0.00;Okänd suffix: ANL36SL | Kunde inte identifiera prefix.
ANLSLBASTÖM;;;;;;;ANLSLBASTÖM;;;0.10;Kunde inte identifiera prefix.
ANLÖ6SL;;;;;;;;ANLÖ6SL;;0.00;Okänd suffix: ANLÖ6SL | Kunde inte identifiera prefix.
AOBF;;;;;;;AOBF;;;0.10;Kunde inte identifiera prefix.
AVS03FE;;;;;;;;AVS03FE;;0.00;Okänd suffix: AVS03FE | Kunde inte identifiera prefix.
AVS03FEB;;;;;;;;AVS03FEB;;0.00;Okänd suffix: AVS03FEB | Kunde inte identifiera prefix.
AVS03FEBUD;;;;;;;;AVS03FEBUD;;0.00;Okänd suffix: AVS03FEBUD | Kunde inte identifiera prefix.
AVS03FEO;;;;;;;;AVS03FEO;;0.00;Okänd suffix: AVS03FEO | Kunde inte identifiera prefix.
AVS03FEORD;;;;;;;;AVS03FEORD;;0.00;Okänd suffix: AVS03FEORD | Kunde inte identifiera prefix.
AVS03SL;;;;;;;;AVS03SL;;0.00;Okänd suffix: AVS03SL | Kunde inte identifiera prefix.
AVS03SLB;;;;;;;;AVS03SLB;;0.00;Okänd suffix: AVS03SLB | Kunde inte identifiera prefix.
AVS03SLBUD;;;;;;;;AVS03SLBUD;;0.00;Okänd suffix: AVS03SLBUD | Kunde inte identifiera prefix.
AVS03SLO;;;;;;;;AVS03SLO;;0.00;Okänd suffix: AVS03SLO | Kunde inte identifiera prefix.
AVS03SLORD;;;;;;;;AVS03SLORD;;0.00;Okänd suffix: AVS03SLORD | Kunde inte identifiera prefix.
AVS36FE;;;;;;;;AVS36FE;;0.00;Okänd suffix: AVS36FE | Kunde inte identifiera prefix.
AVS36FEB;;;;;;;;AVS36FEB;;0.00;Okänd suffix: AVS36FEB | Kunde inte identifiera prefix.
AVS36FEBUD;;;;;;;;AVS36FEBUD;;0.00;Okänd suffix: AVS36FEBUD | Kunde inte identifiera prefix.
AVS36FEO;;;;;;;;AVS36FEO;;0.00;Okänd suffix: AVS36FEO | Kunde inte identifiera prefix.
AVS36FEORD;;;;;;;;AVS36FEORD;;0.00;Okänd suffix: AVS36FEORD | Kunde inte identifiera prefix.
AVS36SL;;;;;;;;AVS36SL;;0.00;Okänd suffix: AVS36SL | Kunde inte identifiera prefix.
AVS36SLB;;;;;;;;AVS36SLB;;0.00;Okänd suffix: AVS36SLB | Kunde inte identifiera prefix.
AVS36SLBUD;;;;;;;;AVS36SLBUD;;0.00;Okänd suffix: AVS36SLBUD | Kunde inte identifiera prefix.
AVS36SLO;;;;;;;;AVS36SLO;;0.00;Okänd suffix: AVS36SLO | Kunde inte identifiera prefix.
AVS36SLORD;;;;;;;;AVS36SLORD;;0.00;Okänd suffix: AVS36SLORD | Kunde inte identifiera prefix.
AVSLUTA_TJÄNST;;;;;;;;AVSLUTA_TJÄNST;;0.00;Okänd suffix: AVSLUTA_TJÄNST | Kunde inte identifiera prefix.
AVSÖ6FE;;;;;;;;AVSÖ6FE;;0.00;Okänd suffix: AVSÖ6FE | Kunde inte identifiera prefix.
AVSÖ6FEB;;;;;;;;AVSÖ6FEB;;0.00;Okänd suffix: AVSÖ6FEB | Kunde inte identifiera prefix.
AVSÖ6FEBUD;;;;;;;;AVSÖ6FEBUD;;0.00;Okänd suffix: AVSÖ6FEBUD | Kunde inte identifiera prefix.
AVSÖ6FEO;;;;;;;;AVSÖ6FEO;;0.00;Okänd suffix: AVSÖ6FEO | Kunde inte identifiera prefix.
AVSÖ6FEORD;;;;;;;;AVSÖ6FEORD;;0.00;Okänd suffix: AVSÖ6FEORD | Kunde inte identifiera prefix.
AVSÖ6SL;;;;;;;;AVSÖ6SL;;0.00;Okänd suffix: AVSÖ6SL | Kunde inte identifiera prefix.
AVSÖ6SLB;;;;;;;;AVSÖ6SLB;;0.00;Okänd suffix: AVSÖ6SLB | Kunde inte identifiera prefix.
AVSÖ6SLBUD;;;;;;;;AVSÖ6SLBUD;;0.00;Okänd suffix: AVSÖ6SLBUD | Kunde inte identifiera prefix.
AVSÖ6SLO;;;;;;;;AVSÖ6SLO;;0.00;Okänd suffix: AVSÖ6SLO | Kunde inte identifiera prefix.
AVSÖ6SLORD;;;;;;;;AVSÖ6SLORD;;0.00;Okänd suffix: AVSÖ6SLORD | Kunde inte identifiera prefix.
B100;;;;;;;;B100;;0.00;Okänd suffix: B100 | Kunde inte identifiera prefix.
BASSLORDKOM;;;;;;;BASSLORDKOM;;;0.10;Kunde inte identifiera prefix.
BBRÄNNBART;;;;;;;BBRÄNNBART;;;0.10;Kunde inte identifiera prefix.
BDT03SL;;;;;;;;BDT03SL;;0.00;Okänd suffix: BDT03SL | Kunde inte identifiera prefix.
BDT03SLB;;;;;;;;BDT03SLB;;0.00;Okänd suffix: BDT03SLB | Kunde inte identifiera prefix.
BDT03SLBUD;;;;;;;;BDT03SLBUD;;0.00;Okänd suffix: BDT03SLBUD | Kunde inte identifiera prefix.
BDT03SLO;;;;;;;;BDT03SLO;;0.00;Okänd suffix: BDT03SLO | Kunde inte identifiera prefix.
BDT03SLORD;;;;;;;;BDT03SLORD;;0.00;Okänd suffix: BDT03SLORD | Kunde inte identifiera prefix.
BDT36SL;;;;;;;;BDT36SL;;0.00;Okänd suffix: BDT36SL | Kunde inte identifiera prefix.
BDT36SLB;;;;;;;;BDT36SLB;;0.00;Okänd suffix: BDT36SLB | Kunde inte identifiera prefix.
BDT36SLBUD;;;;;;;;BDT36SLBUD;;0.00;Okänd suffix: BDT36SLBUD | Kunde inte identifiera prefix.
BDT36SLO;;;;;;;;BDT36SLO;;0.00;Okänd suffix: BDT36SLO | Kunde inte identifiera prefix.
BDT36SLORD;;;;;;;;BDT36SLORD;;0.00;Okänd suffix: BDT36SLORD | Kunde inte identifiera prefix.
BDTÖ6SLBUD;;;;;;;;BDTÖ6SLBUD;;0.00;Okänd suffix: BDTÖ6SLBUD | Kunde inte identifiera prefix.
BDTÖ6SLORD;;;;;;;;BDTÖ6SLORD;;0.00;Okänd suffix: BDTÖ6SLORD | Kunde inte identifiera prefix.
BEHASKA;;;;;;;BEHASKA;;;0.10;Kunde inte identifiera prefix.
BEHREST;;;;;;;BEHREST;;;0.10;Kunde inte identifiera prefix.
BEHSLAM;;;;;;;BEHSLAM;;;0.10;Kunde inte identifiera prefix.
BEHSLAMSTAT;;;;;;;BEHSLAMSTAT;;;0.10;Kunde inte identifiera prefix.
BETALSÄCK;;;;;;;BETALSÄCK;;;0.10;Kunde inte identifiera prefix.
BINI1000;;;;;;;;BINI1000;;0.00;Okänd suffix: BINI1000 | Kunde inte identifiera prefix.
BINI500;;;;;;;;BINI500;;0.00;Okänd suffix: BINI500 | Kunde inte identifiera prefix.
BRN03SL;;;;;;;;BRN03SL;;0.00;Okänd suffix: BRN03SL | Kunde inte identifiera prefix.
BRN03SLB;;;;;;;;BRN03SLB;;0.00;Okänd suffix: BRN03SLB | Kunde inte identifiera prefix.
BRN03SLBUD;;;;;;;;BRN03SLBUD;;0.00;Okänd suffix: BRN03SLBUD | Kunde inte identifiera prefix.
BRN03SLO;;;;;;;;BRN03SLO;;0.00;Okänd suffix: BRN03SLO | Kunde inte identifiera prefix.
BRN03SLORD;;;;;;;;BRN03SLORD;;0.00;Okänd suffix: BRN03SLORD | Kunde inte identifiera prefix.
BRN36SL;;;;;;;;BRN36SL;;0.00;Okänd suffix: BRN36SL | Kunde inte identifiera prefix.
BRN36SLB;;;;;;;;BRN36SLB;;0.00;Okänd suffix: BRN36SLB | Kunde inte identifiera prefix.
BRN36SLBUD;;;;;;;;BRN36SLBUD;;0.00;Okänd suffix: BRN36SLBUD | Kunde inte identifiera prefix.
BRN36SLO;;;;;;;;BRN36SLO;;0.00;Okänd suffix: BRN36SLO | Kunde inte identifiera prefix.
BRN36SLORD;;;;;;;;BRN36SLORD;;0.00;Okänd suffix: BRN36SLORD | Kunde inte identifiera prefix.
BRNÖ6SL;;;;;;;;BRNÖ6SL;;0.00;Okänd suffix: BRNÖ6SL | Kunde inte identifiera prefix.
BRNÖ6SLB;;;;;;;;BRNÖ6SLB;;0.00;Okänd suffix: BRNÖ6SLB | Kunde inte identifiera prefix.
BRNÖ6SLBUD;;;;;;;;BRNÖ6SLBUD;;0.00;Okänd suffix: BRNÖ6SLBUD | Kunde inte identifiera prefix.
BRNÖ6SLO;;;;;;;;BRNÖ6SLO;;0.00;Okänd suffix: BRNÖ6SLO | Kunde inte identifiera prefix.
BRNÖ6SLORD;;;;;;;;BRNÖ6SLORD;;0.00;Okänd suffix: BRNÖ6SLORD | Kunde inte identifiera prefix.
BRÄNNBART;;;;;;;BRÄNNBART;;;0.10;Kunde inte identifiera prefix.
BS;;;;;;;BS;;;0.10;Kunde inte identifiera prefix.
BUDNING;;;;;;;BUDNING;;;0.10;Kunde inte identifiera prefix.
CO08BR52;;;;;;;;CO08BR52;;0.00;Okänd suffix: CO08BR52 | Kunde inte identifiera prefix.
CONT10ASBUD;CON;Container;;;;;;T10ASBUD;CON;0.40;Okänd suffix: T10ASBUD
CONT12SLBUD;CON;Container;;;;;;T12SLBUD;CON;0.40;Okänd suffix: T12SLBUD
CONT12_6FREBUD;CON;Container;;;;;;T12_6FREBUD;CON;0.40;Okänd suffix: T12_6FREBUD
DE190;;;;;;;;DE190;;0.00;Okänd suffix: DE190 | Kunde inte identifiera prefix.
DRÖJRÄNTA;;;;;;;DRÖJRÄNTA;;;0.10;Kunde inte identifiera prefix.
EVEKÄ140MA;;;;;;;;EVEKÄ140MA;;0.00;Okänd suffix: EVEKÄ140MA | Kunde inte identifiera prefix.
EVEKÄ190RE;;;;;;;;EVEKÄ190RE;;0.00;Okänd suffix: EVEKÄ190RE | Kunde inte identifiera prefix.
EVEKÄ660RE;;;;;;;;EVEKÄ660RE;;0.00;Okänd suffix: EVEKÄ660RE | Kunde inte identifiera prefix.
EVENEMANG;;;;;;;EVENEMANG;;;0.10;Kunde inte identifiera prefix.
EXTRA;;;;;;;EX;TRA;;0.05;Okänd suffix: TRA | Kunde inte identifiera prefix.
FARLIGTBUD;FA;Farligt avfall;;;;;RLIGTBUD;;FA;0.50;
FASTFE;FA;Farligt avfall;;;;;STFE;;FA;0.50;
FASTFLB;FA;Farligt avfall;;;;;STFLB;;FA;0.50;
FASTFRI;FA;Farligt avfall;;;;;STFRI;;FA;0.50;
FASTSL;FA;Farligt avfall;;;;;STSL;;FA;0.50;
FASTSMÅ;FA;Farligt avfall;;;;;STSMÅ;;FA;0.50;
FASTVHT;FA;Farligt avfall;;;;;STVHT;;FA;0.50;
FBATTLÅDA;;;;;;;FBATTLÅDA;;;0.10;Kunde inte identifiera prefix.
FDEKALL;;;;;;;FDEKALL;;;0.10;Kunde inte identifiera prefix.
FDEKALS;;;;;;;FDEKALS;;;0.10;Kunde inte identifiera prefix.
FEAKUT;;;;;;;FEAKUT;;;0.10;Kunde inte identifiera prefix.
FEBEHAVG;;;;;;;FEBEHAVG;;;0.10;Kunde inte identifiera prefix.
FEBUD;;;;;;;FEBUD;;;0.10;Kunde inte identifiera prefix.
FELSORT;;;;;;;FELSORT;;;0.10;Kunde inte identifiera prefix.
FELSORTAVG;;;;;;;FELSORTAVG;;;0.10;Kunde inte identifiera prefix.
FEÖVERKBM;;;;;;;FEÖVERKBM;;;0.10;Kunde inte identifiera prefix.
FILMBESIKT;;;;;;;FILMBESIKT;;;0.10;Kunde inte identifiera prefix.
FJ;;;;;;;FJ;;;0.10;Kunde inte identifiera prefix.
FKOMPKASSE22;;;;;;;;FKOMPKASSE22;;0.00;Okänd suffix: FKOMPKASSE22 | Kunde inte identifiera prefix.
FKOMPPSÄCK45;;;;;;;;FKOMPPSÄCK45;;0.00;Okänd suffix: FKOMPPSÄCK45 | Kunde inte identifiera prefix.
FKOMPPÅSE9;;;;;;;;FKOMPPÅSE9;;0.00;Okänd suffix: FKOMPPÅSE9 | Kunde inte identifiera prefix.
FKOMPSTÄLL22;;;;;;;;FKOMPSTÄLL22;;0.00;Okänd suffix: FKOMPSTÄLL22 | Kunde inte identifiera prefix.
FKOMPSTÄLL45;;;;;;;;FKOMPSTÄLL45;;0.00;Okänd suffix: FKOMPSTÄLL45 | Kunde inte identifiera prefix.
FKOMPSTÄLL45D;;;;;;;;FKOMPSTÄLL45D;;0.00;Okänd suffix: FKOMPSTÄLL45D | Kunde inte identifiera prefix.
FL04BR26;;;;;;;;FL04BR26;;0.00;Okänd suffix: FL04BR26 | Kunde inte identifiera prefix.
FLAKÄRL;;;;;;;FLAKÄRL;;;0.10;Kunde inte identifiera prefix.
FPASÄCK125;;;;;;;;FPASÄCK125;;0.00;Okänd suffix: FPASÄCK125 | Kunde inte identifiera prefix.
FPASÄCK160;;;;;;;;FPASÄCK160;;0.00;Okänd suffix: FPASÄCK160 | Kunde inte identifiera prefix.
FPASÄCK240;;;;;;;;FPASÄCK240;;0.00;Okänd suffix: FPASÄCK240 | Kunde inte identifiera prefix.
FPASÄCK350;;;;;;;;FPASÄCK350;;0.00;Okänd suffix: FPASÄCK350 | Kunde inte identifiera prefix.
FPLSÄCK240;;;;;;;;FPLSÄCK240;;0.00;Okänd suffix: FPLSÄCK240 | Kunde inte identifiera prefix.
FPLSÄCK350;;;;;;;;FPLSÄCK350;;0.00;Okänd suffix: FPLSÄCK350 | Kunde inte identifiera prefix.
FRAMKAVG;;;;;;;FRAMKAVG;;;0.10;Kunde inte identifiera prefix.
FRIFAKTURA;;;;;;;FRI;FAKTURA;;0.05;Okänd suffix: FAKTURA | Kunde inte identifiera prefix.
FRIKV;;;;;;;FRI;KV;;0.05;Okänd suffix: KV | Kunde inte identifiera prefix.
FRIUT;;;;;;;FRI;UT;;0.05;Okänd suffix: UT | Kunde inte identifiera prefix.
FRUSEN;;;;;;;FRUSEN;;;0.10;Kunde inte identifiera prefix.
FSKYLT;;;;;;;FSKYLT;;;0.10;Kunde inte identifiera prefix.
FSÄMB;;;;;;;FSÄMB;;;0.10;Kunde inte identifiera prefix.
FSÄMB52;;;;;;;;FSÄMB52;;0.00;Okänd suffix: FSÄMB52 | Kunde inte identifiera prefix.
GEMKÄFRI;;;;;;;GEMKÄFRI;;;0.10;Kunde inte identifiera prefix.
GEMLIPFRI;;;;;;;GEMLIPFRI;;;0.10;Kunde inte identifiera prefix.
GEMNYCKEL3;;;;;;;;GEMNYCKEL3;;0.00;Okänd suffix: GEMNYCKEL3 | Kunde inte identifiera prefix.
GEMNYCKEL4;;;;;;;;GEMNYCKEL4;;0.00;Okänd suffix: GEMNYCKEL4 | Kunde inte identifiera prefix.
GEMNYCKELTAGG;;;;;;;GEMNYCKELTAGG;;;0.10;Kunde inte identifiera prefix.
GEMUPPFRI;;;;;;;GEMUPPFRI;;;0.10;Kunde inte identifiera prefix.
GM;;;;;;;GM;;;0.10;Kunde inte identifiera prefix.
GROVAVFALL;;;;;;;GROVAVFALL;;;0.10;Kunde inte identifiera prefix.
GROVBUD;;;;;;;GROVBUD;;;0.10;Kunde inte identifiera prefix.
GRUNDFLB;;;;;;;GRUNDFLB;;;0.10;Kunde inte identifiera prefix.
GRUNDFRI;;;;;;;GRUNDFRI;;;0.10;Kunde inte identifiera prefix.
GRUNDFÖR1;;;;;;;;GRUNDFÖR1;;0.00;Okänd suffix: GRUNDFÖR1 | Kunde inte identifiera prefix.
GRUNDFÖR2;;;;;;;;GRUNDFÖR2;;0.00;Okänd suffix: GRUNDFÖR2 | Kunde inte identifiera prefix.
GRUNDLOK;;;;;;;GRUNDLOK;;;0.10;Kunde inte identifiera prefix.
GRUNDLÄG;;;;;;;GRUNDLÄG;;;0.10;Kunde inte identifiera prefix.
GRUNDPER;;;;;;;GRUNDPER;;;0.10;Kunde inte identifiera prefix.
GRUNDPERM;;;;;;;GRUNDPERM;;;0.10;Kunde inte identifiera prefix.
H120;;;;;;;;H120;;0.00;Okänd suffix: H120 | Kunde inte identifiera prefix.
H190;;;;;;;;H190;;0.00;Okänd suffix: H190 | Kunde inte identifiera prefix.
H190TT;;;;;;;;H190TT;;0.00;Okänd suffix: H190TT | Kunde inte identifiera prefix.
H370;;;;;;;;H370;;0.00;Okänd suffix: H370 | Kunde inte identifiera prefix.
H660;;;;;;;;H660;;0.00;Okänd suffix: H660 | Kunde inte identifiera prefix.
HBL;;;;;;;HBL;;;0.10;Kunde inte identifiera prefix.
HBP;;;;;;;HBP;;;0.10;Kunde inte identifiera prefix.
HCO03;;;;;;;;HCO03;;0.00;Okänd suffix: HCO03 | Kunde inte identifiera prefix.
HCO05;;;;;;;;HCO05;;0.00;Okänd suffix: HCO05 | Kunde inte identifiera prefix.
HCO08;;;;;;;;HCO08;;0.00;Okänd suffix: HCO08 | Kunde inte identifiera prefix.
HEMKOMP;;;;;;;HEMKOMP;;;0.10;Kunde inte identifiera prefix.
HF120;;;;;;;;HF120;;0.00;Okänd suffix: HF120 | Kunde inte identifiera prefix.
HF190;;;;;;;;HF190;;0.00;Okänd suffix: HF190 | Kunde inte identifiera prefix.
HF190T;;;;;;;;HF190T;;0.00;Okänd suffix: HF190T | Kunde inte identifiera prefix.
HF370;;;;;;;;HF370;;0.00;Okänd suffix: HF370 | Kunde inte identifiera prefix.
HFL;;;;;;;HFL;;;0.10;Kunde inte identifiera prefix.
HKP;;;;;;;HKP;;;0.10;Kunde inte identifiera prefix.
HKÄ140;;;;;;;;HKÄ140;;0.00;Okänd suffix: HKÄ140 | Kunde inte identifiera prefix.
HKÄ190;;;;;;;;HKÄ190;;0.00;Okänd suffix: HKÄ190 | Kunde inte identifiera prefix.
HKÄ240;;;;;;;;HKÄ240;;0.00;Okänd suffix: HKÄ240 | Kunde inte identifiera prefix.
HKÄ370;;;;;;;;HKÄ370;;0.00;Okänd suffix: HKÄ370 | Kunde inte identifiera prefix.
HKÄ660;;;;;;;;HKÄ660;;0.00;Okänd suffix: HKÄ660 | Kunde inte identifiera prefix.
HLD;;;;;;;HLD;;;0.10;Kunde inte identifiera prefix.
HLDK;;;;;;;HLDK;;;0.10;Kunde inte identifiera prefix.
HRF20;;;;;;;;HRF20;;0.00;Okänd suffix: HRF20 | Kunde inte identifiera prefix.
HRF20K;;;;;;;;HRF20K;;0.00;Okänd suffix: HRF20K | Kunde inte identifiera prefix.
HRF40;;;;;;;;HRF40;;0.00;Okänd suffix: HRF40 | Kunde inte identifiera prefix.
HRF40K;;;;;;;;HRF40K;;0.00;Okänd suffix: HRF40K | Kunde inte identifiera prefix.
HSK2;;;;;;;;HSK2;;0.00;Okänd suffix: HSK2 | Kunde inte identifiera prefix.
HSK3;;;;;;;;HSK3;;0.00;Okänd suffix: HSK3 | Kunde inte identifiera prefix.
HU120;;;;;;;;HU120;;0.00;Okänd suffix: HU120 | Kunde inte identifiera prefix.
HU190;;;;;;;;HU190;;0.00;Okänd suffix: HU190 | Kunde inte identifiera prefix.
HU370;;;;;;;;HU370;;0.00;Okänd suffix: HU370 | Kunde inte identifiera prefix.
HU660;;;;;;;;HU660;;0.00;Okänd suffix: HU660 | Kunde inte identifiera prefix.
HUF120;;;;;;;;HUF120;;0.00;Okänd suffix: HUF120 | Kunde inte identifiera prefix.
HUF370;;;;;;;;HUF370;;0.00;Okänd suffix: HUF370 | Kunde inte identifiera prefix.
HÄMTFARLIGT;;;;;;;HÄMTFARLIGT;;;0.10;Kunde inte identifiera prefix.
INERTAVFALL;;;;;;;INERTAVFALL;;;0.10;Kunde inte identifiera prefix.
INKASSO;;;;;;;INKASSO;;;0.10;Kunde inte identifiera prefix.
KK400OS104;;;;;;;;KK400OS104;;0.00;Okänd suffix: KK400OS104 | Kunde inte identifiera prefix.
KK400OS26;;;;;;;;KK400OS26;;0.00;Okänd suffix: KK400OS26 | Kunde inte identifiera prefix.
KK400OS52;;;;;;;;KK400OS52;;0.00;Okänd suffix: KK400OS52 | Kunde inte identifiera prefix.
KONTRAVG;;;;;;;KONTRAVG;;;0.10;Kunde inte identifiera prefix.
KREDGRUNDPER;;;;;;;KREDGRUNDPER;;;0.10;Kunde inte identifiera prefix.
KÄ140MA104;KÄ;Kärl;140;MA;Matavfall;104;;;KÄ140MA;0.95;
KÄ140MA11S;KÄ;Kärl;140;MA;Matavfall;11;S;;KÄ140MA;1.00;
KÄ140MA13;KÄ;Kärl;140;MA;Matavfall;13;;;KÄ140MA;0.95;
KÄ140MA156;KÄ;Kärl;140;MA;Matavfall;156;;;KÄ140MA;0.95;
KÄ140MA22S;KÄ;Kärl;140;MA;Matavfall;22;S;;KÄ140MA;1.00;
KÄ140MA26;KÄ;Kärl;140;MA;Matavfall;26;;;KÄ140MA;0.95;
KÄ140MA26FV;KÄ;Kärl;140;MA;Matavfall;26;FV;;KÄ140MA;1.00;
KÄ140MA26FV_old;KÄ;Kärl;140;MA;Matavfall;26;FV;_OLD;KÄ140MA;0.95;Okänd suffix: _OLD
KÄ140MA44S;KÄ;Kärl;140;MA;Matavfall;44;S;;KÄ140MA;1.00;
KÄ140MA52;KÄ;Kärl;140;MA;Matavfall;52;;;KÄ140MA;0.95;
KÄ140MA6S;KÄ;Kärl;140;MA;Matavfall;6;S;;KÄ140MA;1.00;
KÄ140MAEXTRA;KÄ;Kärl;140;MA;Matavfall;;EX;TRA;KÄ140MA;0.85;Okänd suffix: TRA
KÄ140OS104;KÄ;Kärl;140;;;;;OS104;KÄ140;0.60;Okänd suffix: OS104
KÄ140OS11S;KÄ;Kärl;140;;;;;OS11S;KÄ140;0.60;Okänd suffix: OS11S
KÄ140OS13;KÄ;Kärl;140;;;;;OS13;KÄ140;0.60;Okänd suffix: OS13
KÄ140OS156;KÄ;Kärl;140;;;;;OS156;KÄ140;0.60;Okänd suffix: OS156
KÄ140OS22S;KÄ;Kärl;140;;;;;OS22S;KÄ140;0.60;Okänd suffix: OS22S
KÄ140OS26;KÄ;Kärl;140;;;;;OS26;KÄ140;0.60;Okänd suffix: OS26
KÄ140OS44S;KÄ;Kärl;140;;;;;OS44S;KÄ140;0.60;Okänd suffix: OS44S
KÄ140OS52;KÄ;Kärl;140;;;;;OS52;KÄ140;0.60;Okänd suffix: OS52
KÄ140OS6S;KÄ;Kärl;140;;;;;OS6S;KÄ140;0.60;Okänd suffix: OS6S
KÄ140RE104;KÄ;Kärl;140;RE;Restavfall;104;;;KÄ140RE;0.95;
KÄ140RE11S;KÄ;Kärl;140;RE;Restavfall;11;S;;KÄ140RE;1.00;
KÄ140RE13;KÄ;Kärl;140;RE;Restavfall;13;;;KÄ140RE;0.95;
KÄ140RE156;KÄ;Kärl;140;RE;Restavfall;156;;;KÄ140RE;0.95;
KÄ140RE22S;KÄ;Kärl;140;RE;Restavfall;22;S;;KÄ140RE;1.00;
KÄ140RE26;KÄ;Kärl;140;RE;Restavfall;26;;;KÄ140RE;0.95;
KÄ140RE26F;KÄ;Kärl;140;RE;Restavfall;26;F;;KÄ140RE;1.00;
KÄ140RE26H;KÄ;Kärl;140;RE;Restavfall;26;H;;KÄ140RE;1.00;
KÄ140RE26V;KÄ;Kärl;140;RE;Restavfall;26;V;;KÄ140RE;1.00;
KÄ140RE44S;KÄ;Kärl;140;RE;Restavfall;44;S;;KÄ140RE;1.00;
KÄ140RE52;KÄ;Kärl;140;RE;Restavfall;52;;;KÄ140RE;0.95;
KÄ140RE6S;KÄ;Kärl;140;RE;Restavfall;6;S;;KÄ140RE;1.00;
KÄ140REEXTRA;KÄ;Kärl;140;RE;Restavfall;;EX;TRA;KÄ140RE;0.85;Okänd suffix: TRA
KÄ190MA104;KÄ;Kärl;190;MA;Matavfall;104;;;KÄ190MA;0.95;
KÄ190MA11S;KÄ;Kärl;190;MA;Matavfall;11;S;;KÄ190MA;1.00;
KÄ190MA13;KÄ;Kärl;190;MA;Matavfall;13;;;KÄ190MA;0.95;
KÄ190MA156;KÄ;Kärl;190;MA;Matavfall;156;;;KÄ190MA;0.95;
KÄ190MA22S;KÄ;Kärl;190;MA;Matavfall;22;S;;KÄ190MA;1.00;
KÄ190MA26;KÄ;Kärl;190;MA;Matavfall;26;;;KÄ190MA;0.95;
KÄ190MA44S;KÄ;Kärl;190;MA;Matavfall;44;S;;KÄ190MA;1.00;
KÄ190MA52;KÄ;Kärl;190;MA;Matavfall;52;;;KÄ190MA;0.95;
KÄ190MA6S;KÄ;Kärl;190;MA;Matavfall;6;S;;KÄ190MA;1.00;
KÄ190ME104;KÄ;Kärl;190;ME;Metallförpackningar;104;;;KÄ190ME;0.95;
KÄ190ME13;KÄ;Kärl;190;ME;Metallförpackningar;13;;;KÄ190ME;0.95;
KÄ190ME26;KÄ;Kärl;190;ME;Metallförpackningar;26;;;KÄ190ME;0.95;
KÄ190ME52;KÄ;Kärl;190;ME;Metallförpackningar;52;;;KÄ190ME;0.95;
KÄ190MEBUD;KÄ;Kärl;190;ME;Metallförpackningar;;BUD;;KÄ190ME;0.90;
KÄ190OS104;KÄ;Kärl;190;;;;;OS104;KÄ190;0.60;Okänd suffix: OS104
KÄ190OS11S;KÄ;Kärl;190;;;;;OS11S;KÄ190;0.60;Okänd suffix: OS11S
KÄ190OS13;KÄ;Kärl;190;;;;;OS13;KÄ190;0.60;Okänd suffix: OS13
KÄ190OS156;KÄ;Kärl;190;;;;;OS156;KÄ190;0.60;Okänd suffix: OS156
KÄ190OS22S;KÄ;Kärl;190;;;;;OS22S;KÄ190;0.60;Okänd suffix: OS22S
KÄ190OS26;KÄ;Kärl;190;;;;;OS26;KÄ190;0.60;Okänd suffix: OS26
KÄ190OS44S;KÄ;Kärl;190;;;;;OS44S;KÄ190;0.60;Okänd suffix: OS44S
KÄ190OS52;KÄ;Kärl;190;;;;;OS52;KÄ190;0.60;Okänd suffix: OS52
KÄ190OS6S;KÄ;Kärl;190;;;;;OS6S;KÄ190;0.60;Okänd suffix: OS6S
KÄ190PA104;KÄ;Kärl;190;PA;Pappersförpackningar;104;;;KÄ190PA;0.95;
KÄ190PA13;KÄ;Kärl;190;PA;Pappersförpackningar;13;;;KÄ190PA;0.95;
KÄ190PA26;KÄ;Kärl;190;PA;Pappersförpackningar;26;;;KÄ190PA;0.95;
KÄ190PA52;KÄ;Kärl;190;PA;Pappersförpackningar;52;;;KÄ190PA;0.95;
KÄ190PABUD;KÄ;Kärl;190;PA;Pappersförpackningar;;BUD;;KÄ190PA;0.90;
KÄ190PL104;KÄ;Kärl;190;PL;Plastförpackningar;104;;;KÄ190PL;0.95;
KÄ190PL13;KÄ;Kärl;190;PL;Plastförpackningar;13;;;KÄ190PL;0.95;
KÄ190PL26;KÄ;Kärl;190;PL;Plastförpackningar;26;;;KÄ190PL;0.95;
KÄ190PL52;KÄ;Kärl;190;PL;Plastförpackningar;52;;;KÄ190PL;0.95;
KÄ190PLBUD;KÄ;Kärl;190;PL;Plastförpackningar;;BUD;;KÄ190PL;0.90;
KÄ190RE104;KÄ;Kärl;190;RE;Restavfall;104;;;KÄ190RE;0.95;
KÄ190RE11S;KÄ;Kärl;190;RE;Restavfall;11;S;;KÄ190RE;1.00;
KÄ190RE13;KÄ;Kärl;190;RE;Restavfall;13;;;KÄ190RE;0.95;
KÄ190RE156;KÄ;Kärl;190;RE;Restavfall;156;;;KÄ190RE;0.95;
KÄ190RE22S;KÄ;Kärl;190;RE;Restavfall;22;S;;KÄ190RE;1.00;
KÄ190RE26;KÄ;Kärl;190;RE;Restavfall;26;;;KÄ190RE;0.95;
KÄ190RE44S;KÄ;Kärl;190;RE;Restavfall;44;S;;KÄ190RE;1.00;
KÄ190RE52;KÄ;Kärl;190;RE;Restavfall;52;;;KÄ190RE;0.95;
KÄ190RE6S;KÄ;Kärl;190;RE;Restavfall;6;S;;KÄ190RE;1.00;
KÄ190TI104;KÄ;Kärl;190;TI;Tidningar;104;;;KÄ190TI;0.95;
KÄ190TI13;KÄ;Kärl;190;TI;Tidningar;13;;;KÄ190TI;0.95;
KÄ190TI26;KÄ;Kärl;190;TI;Tidningar;26;;;KÄ190TI;0.95;
KÄ190TI52;KÄ;Kärl;190;TI;Tidningar;52;;;KÄ190TI;0.95;
KÄ190TIBUD;KÄ;Kärl;190;TI;Tidningar;;BUD;;KÄ190TI;0.90;
KÄ190WE104;KÄ;Kärl;190;;;;;WE104;KÄ190;0.60;Okänd suffix: WE104
KÄ190WE13;KÄ;Kärl;190;;;;;WE13;KÄ190;0.60;Okänd suffix: WE13
KÄ190WE26;KÄ;Kärl;190;;;;;WE26;KÄ190;0.60;Okänd suffix: WE26
KÄ190WE26F;KÄ;Kärl;190;;;;;WE26F;KÄ190;0.60;Okänd suffix: WE26F
KÄ190WE26V;KÄ;Kärl;190;;;;;WE26V;KÄ190;0.60;Okänd suffix: WE26V
KÄ190WE52;KÄ;Kärl;190;;;;;WE52;KÄ190;0.60;Okänd suffix: WE52
KÄ190WEBUD;KÄ;Kärl;190;;;;WEBUD;;KÄ190;0.70;
KÄ190XRM26;KÄ;Kärl;190;;;;;XRM26;KÄ190;0.60;Okänd suffix: XRM26
KÄ190XRM26FRI;KÄ;Kärl;190;;;;;XRM26FRI;KÄ190;0.60;Okänd suffix: XRM26FRI
KÄ240MA104;KÄ;Kärl;240;MA;Matavfall;104;;;KÄ240MA;0.95;
KÄ240MA11S;KÄ;Kärl;240;MA;Matavfall;11;S;;KÄ240MA;1.00;
KÄ240MA13;KÄ;Kärl;240;MA;Matavfall;13;;;KÄ240MA;0.95;
KÄ240MA156;KÄ;Kärl;240;MA;Matavfall;156;;;KÄ240MA;0.95;
KÄ240MA22S;KÄ;Kärl;240;MA;Matavfall;22;S;;KÄ240MA;1.00;
KÄ240MA26;KÄ;Kärl;240;MA;Matavfall;26;;;KÄ240MA;0.95;
KÄ240MA44S;KÄ;Kärl;240;MA;Matavfall;44;S;;KÄ240MA;1.00;
KÄ240MA52;KÄ;Kärl;240;MA;Matavfall;52;;;KÄ240MA;0.95;
KÄ240MA6S;KÄ;Kärl;240;MA;Matavfall;6;S;;KÄ240MA;1.00;
KÄ240OS104;KÄ;Kärl;240;;;;;OS104;KÄ240;0.60;Okänd suffix: OS104
KÄ240OS11S;KÄ;Kärl;240;;;;;OS11S;KÄ240;0.60;Okänd suffix: OS11S
KÄ240OS13;KÄ;Kärl;240;;;;;OS13;KÄ240;0.60;Okänd suffix: OS13
KÄ240OS156;KÄ;Kärl;240;;;;;OS156;KÄ240;0.60;Okänd suffix: OS156
KÄ240OS22S;KÄ;Kärl;240;;;;;OS22S;KÄ240;0.60;Okänd suffix: OS22S
KÄ240OS26;KÄ;Kärl;240;;;;;OS26;KÄ240;0.60;Okänd suffix: OS26
KÄ240OS44S;KÄ;Kärl;240;;;;;OS44S;KÄ240;0.60;Okänd suffix: OS44S
KÄ240OS52;KÄ;Kärl;240;;;;;OS52;KÄ240;0.60;Okänd suffix: OS52
KÄ240OS6S;KÄ;Kärl;240;;;;;OS6S;KÄ240;0.60;Okänd suffix: OS6S
KÄ240RE104;KÄ;Kärl;240;RE;Restavfall;104;;;KÄ240RE;0.95;
KÄ240RE11S;KÄ;Kärl;240;RE;Restavfall;11;S;;KÄ240RE;1.00;
KÄ240RE13;KÄ;Kärl;240;RE;Restavfall;13;;;KÄ240RE;0.95;
KÄ240RE156;KÄ;Kärl;240;RE;Restavfall;156;;;KÄ240RE;0.95;
KÄ240RE22S;KÄ;Kärl;240;RE;Restavfall;22;S;;KÄ240RE;1.00;
KÄ240RE26;KÄ;Kärl;240;RE;Restavfall;26;;;KÄ240RE;0.95;
KÄ240RE44S;KÄ;Kärl;240;RE;Restavfall;44;S;;KÄ240RE;1.00;
KÄ240RE52;KÄ;Kärl;240;RE;Restavfall;52;;;KÄ240RE;0.95;
KÄ240RE6S;KÄ;Kärl;240;RE;Restavfall;6;S;;KÄ240RE;1.00;
KÄ240RK26;KÄ;Kärl;240;;;;;RK26;KÄ240;0.60;Okänd suffix: RK26
KÄ240RM26;KÄ;Kärl;240;RM;Rest-/matavfall;26;;;KÄ240RM;0.95;
KÄ240RM26FV;KÄ;Kärl;240;RM;Rest-/matavfall;26;FV;;KÄ240RM;1.00;
KÄ370FF111S;KÄ;Kärl;370;;;;;FF111S;KÄ370;0.60;Okänd suffix: FF111S
KÄ370FF113;KÄ;Kärl;370;;;;;FF113;KÄ370;0.60;Okänd suffix: FF113
KÄ370FF126;KÄ;Kärl;370;;;;;FF126;KÄ370;0.60;Okänd suffix: FF126
KÄ370FF16S;KÄ;Kärl;370;;;;;FF16S;KÄ370;0.60;Okänd suffix: FF16S
KÄ370FF213;KÄ;Kärl;370;;;;;FF213;KÄ370;0.60;Okänd suffix: FF213
KÄ370FF226;KÄ;Kärl;370;;;;;FF226;KÄ370;0.60;Okänd suffix: FF226
KÄ370FF26S;KÄ;Kärl;370;;;;;FF26S;KÄ370;0.60;Okänd suffix: FF26S
KÄ370MA104;KÄ;Kärl;370;MA;Matavfall;104;;;KÄ370MA;0.95;
KÄ370MA11S;KÄ;Kärl;370;MA;Matavfall;11;S;;KÄ370MA;1.00;
KÄ370MA13;KÄ;Kärl;370;MA;Matavfall;13;;;KÄ370MA;0.95;
KÄ370MA156;KÄ;Kärl;370;MA;Matavfall;156;;;KÄ370MA;0.95;
KÄ370MA22S;KÄ;Kärl;370;MA;Matavfall;22;S;;KÄ370MA;1.00;
KÄ370MA26;KÄ;Kärl;370;MA;Matavfall;26;;;KÄ370MA;0.95;
KÄ370MA44S;KÄ;Kärl;370;MA;Matavfall;44;S;;KÄ370MA;1.00;
KÄ370MA52;KÄ;Kärl;370;MA;Matavfall;52;;;KÄ370MA;0.95;
KÄ370MA6S;KÄ;Kärl;370;MA;Matavfall;6;S;;KÄ370MA;1.00;
KÄ370ME104;KÄ;Kärl;370;ME;Metallförpackningar;104;;;KÄ370ME;0.95;
KÄ370ME13;KÄ;Kärl;370;ME;Metallförpackningar;13;;;KÄ370ME;0.95;
KÄ370ME26;KÄ;Kärl;370;ME;Metallförpackningar;26;;;KÄ370ME;0.95;
KÄ370ME52;KÄ;Kärl;370;ME;Metallförpackningar;52;;;KÄ370ME;0.95;
KÄ370MEBUD;KÄ;Kärl;370;ME;Metallförpackningar;;BUD;;KÄ370ME;0.90;
KÄ370OS104;KÄ;Kärl;370;;;;;OS104;KÄ370;0.60;Okänd suffix: OS104
KÄ370OS11S;KÄ;Kärl;370;;;;;OS11S;KÄ370;0.60;Okänd suffix: OS11S
KÄ370OS13;KÄ;Kärl;370;;;;;OS13;KÄ370;0.60;Okänd suffix: OS13
KÄ370OS156;KÄ;Kärl;370;;;;;OS156;KÄ370;0.60;Okänd suffix: OS156
KÄ370OS22S;KÄ;Kärl;370;;;;;OS22S;KÄ370;0.60;Okänd suffix: OS22S
KÄ370OS26;KÄ;Kärl;370;;;;;OS26;KÄ370;0.60;Okänd suffix: OS26
KÄ370OS44S;KÄ;Kärl;370;;;;;OS44S;KÄ370;0.60;Okänd suffix: OS44S
KÄ370OS52;KÄ;Kärl;370;;;;;OS52;KÄ370;0.60;Okänd suffix: OS52
KÄ370OS6S;KÄ;Kärl;370;;;;;OS6S;KÄ370;0.60;Okänd suffix: OS6S
KÄ370PA104;KÄ;Kärl;370;PA;Pappersförpackningar;104;;;KÄ370PA;0.95;
KÄ370PA13;KÄ;Kärl;370;PA;Pappersförpackningar;13;;;KÄ370PA;0.95;
KÄ370PA26;KÄ;Kärl;370;PA;Pappersförpackningar;26;;;KÄ370PA;0.95;
KÄ370PA52;KÄ;Kärl;370;PA;Pappersförpackningar;52;;;KÄ370PA;0.95;
KÄ370PABUD;KÄ;Kärl;370;PA;Pappersförpackningar;;BUD;;KÄ370PA;0.90;
KÄ370PL104;KÄ;Kärl;370;PL;Plastförpackningar;104;;;KÄ370PL;0.95;
KÄ370PL13;KÄ;Kärl;370;PL;Plastförpackningar;13;;;KÄ370PL;0.95;
KÄ370PL26;KÄ;Kärl;370;PL;Plastförpackningar;26;;;KÄ370PL;0.95;
KÄ370PL52;KÄ;Kärl;370;PL;Plastförpackningar;52;;;KÄ370PL;0.95;
KÄ370PLBUD;KÄ;Kärl;370;PL;Plastförpackningar;;BUD;;KÄ370PL;0.90;
KÄ370RE104;KÄ;Kärl;370;RE;Restavfall;104;;;KÄ370RE;0.95;
KÄ370RE11S;KÄ;Kärl;370;RE;Restavfall;11;S;;KÄ370RE;1.00;
KÄ370RE13;KÄ;Kärl;370;RE;Restavfall;13;;;KÄ370RE;0.95;
KÄ370RE156;KÄ;Kärl;370;RE;Restavfall;156;;;KÄ370RE;0.95;
KÄ370RE22S;KÄ;Kärl;370;RE;Restavfall;22;S;;KÄ370RE;1.00;
KÄ370RE26;KÄ;Kärl;370;RE;Restavfall;26;;;KÄ370RE;0.95;
KÄ370RE26FV;KÄ;Kärl;370;RE;Restavfall;26;FV;;KÄ370RE;1.00;
KÄ370RE44S;KÄ;Kärl;370;RE;Restavfall;44;S;;KÄ370RE;1.00;
KÄ370RE52;KÄ;Kärl;370;RE;Restavfall;52;;;KÄ370RE;0.95;
KÄ370RE6S;KÄ;Kärl;370;RE;Restavfall;6;S;;KÄ370RE;1.00;
KÄ370TI104;KÄ;Kärl;370;TI;Tidningar;104;;;KÄ370TI;0.95;
KÄ370TI13;KÄ;Kärl;370;TI;Tidningar;13;;;KÄ370TI;0.95;
KÄ370TI26;KÄ;Kärl;370;TI;Tidningar;26;;;KÄ370TI;0.95;
KÄ370TI52;KÄ;Kärl;370;TI;Tidningar;52;;;KÄ370TI;0.95;
KÄ370TIBUD;KÄ;Kärl;370;TI;Tidningar;;BUD;;KÄ370TI;0.90;
KÄ370WE104;KÄ;Kärl;370;;;;;WE104;KÄ370;0.60;Okänd suffix: WE104
KÄ370WE13;KÄ;Kärl;370;;;;;WE13;KÄ370;0.60;Okänd suffix: WE13
KÄ370WE26;KÄ;Kärl;370;;;;;WE26;KÄ370;0.60;Okänd suffix: WE26
KÄ370WE52;KÄ;Kärl;370;;;;;WE52;KÄ370;0.60;Okänd suffix: WE52
KÄ370WEBUD;KÄ;Kärl;370;;;;WEBUD;;KÄ370;0.70;
KÄ37LA11S;KÄ;Kärl;37;;;;;LA11S;KÄ37;0.60;Okänd suffix: LA11S
KÄ37LA12;KÄ;Kärl;37;;;;;LA12;KÄ37;0.60;Okänd suffix: LA12
KÄ37LA26;KÄ;Kärl;37;;;;;LA26;KÄ37;0.60;Okänd suffix: LA26
KÄ37LA6S;KÄ;Kärl;37;;;;;LA6S;KÄ37;0.60;Okänd suffix: LA6S
KÄ660ME104;KÄ;Kärl;660;ME;Metallförpackningar;104;;;KÄ660ME;0.95;
KÄ660ME13;KÄ;Kärl;660;ME;Metallförpackningar;13;;;KÄ660ME;0.95;
KÄ660ME26;KÄ;Kärl;660;ME;Metallförpackningar;26;;;KÄ660ME;0.95;
KÄ660ME52;KÄ;Kärl;660;ME;Metallförpackningar;52;;;KÄ660ME;0.95;
KÄ660MEBUD;KÄ;Kärl;660;ME;Metallförpackningar;;BUD;;KÄ660ME;0.90;
KÄ660OS104;KÄ;Kärl;660;;;;;OS104;KÄ660;0.60;Okänd suffix: OS104
KÄ660OS11S;KÄ;Kärl;660;;;;;OS11S;KÄ660;0.60;Okänd suffix: OS11S
KÄ660OS13;KÄ;Kärl;660;;;;;OS13;KÄ660;0.60;Okänd suffix: OS13
KÄ660OS156;KÄ;Kärl;660;;;;;OS156;KÄ660;0.60;Okänd suffix: OS156
KÄ660OS22S;KÄ;Kärl;660;;;;;OS22S;KÄ660;0.60;Okänd suffix: OS22S
KÄ660OS26;KÄ;Kärl;660;;;;;OS26;KÄ660;0.60;Okänd suffix: OS26
KÄ660OS44S;KÄ;Kärl;660;;;;;OS44S;KÄ660;0.60;Okänd suffix: OS44S
KÄ660OS52;KÄ;Kärl;660;;;;;OS52;KÄ660;0.60;Okänd suffix: OS52
KÄ660OS6S;KÄ;Kärl;660;;;;;OS6S;KÄ660;0.60;Okänd suffix: OS6S
KÄ660PA104;KÄ;Kärl;660;PA;Pappersförpackningar;104;;;KÄ660PA;0.95;
KÄ660PA13;KÄ;Kärl;660;PA;Pappersförpackningar;13;;;KÄ660PA;0.95;
KÄ660PA26;KÄ;Kärl;660;PA;Pappersförpackningar;26;;;KÄ660PA;0.95;
KÄ660PA52;KÄ;Kärl;660;PA;Pappersförpackningar;52;;;KÄ660PA;0.95;
KÄ660PABUD;KÄ;Kärl;660;PA;Pappersförpackningar;;BUD;;KÄ660PA;0.90;
KÄ660PL104;KÄ;Kärl;660;PL;Plastförpackningar;104;;;KÄ660PL;0.95;
KÄ660PL13;KÄ;Kärl;660;PL;Plastförpackningar;13;;;KÄ660PL;0.95;
KÄ660PL26;KÄ;Kärl;660;PL;Plastförpackningar;26;;;KÄ660PL;0.95;
KÄ660PL52;KÄ;Kärl;660;PL;Plastförpackningar;52;;;KÄ660PL;0.95;
KÄ660PLBUD;KÄ;Kärl;660;PL;Plastförpackningar;;BUD;;KÄ660PL;0.90;
KÄ660RE026;KÄ;Kärl;660;RE;Restavfall;026;;;KÄ660RE;0.95;
KÄ660RE104;KÄ;Kärl;660;RE;Restavfall;104;;;KÄ660RE;0.95;
KÄ660RE11S;KÄ;Kärl;660;RE;Restavfall;11;S;;KÄ660RE;1.00;
KÄ660RE13;KÄ;Kärl;660;RE;Restavfall;13;;;KÄ660RE;0.95;
KÄ660RE13D2;KÄ;Kärl;660;RE;Restavfall;13;;D2;KÄ660RE;0.90;Okänd suffix: D2
KÄ660RE156;KÄ;Kärl;660;RE;Restavfall;156;;;KÄ660RE;0.95;
KÄ660RE22S;KÄ;Kärl;660;RE;Restavfall;22;S;;KÄ660RE;1.00;
KÄ660RE26FV;KÄ;Kärl;660;RE;Restavfall;26;FV;;KÄ660RE;1.00;
KÄ660RE44S;KÄ;Kärl;660;RE;Restavfall;44;S;;KÄ660RE;1.00;
KÄ660RE44SD4;KÄ;Kärl;660;RE;Restavfall;44;;SD4;KÄ660RE;0.90;Okänd suffix: SD4
KÄ660RE52;KÄ;Kärl;660;RE;Restavfall;52;;;KÄ660RE;0.95;
KÄ660RE52FV;KÄ;Kärl;660;RE;Restavfall;52;FV;;KÄ660RE;1.00;
KÄ660RE6S;KÄ;Kärl;660;RE;Restavfall;6;S;;KÄ660RE;1.00;
KÄ660TI104;KÄ;Kärl;660;TI;Tidningar;104;;;KÄ660TI;0.95;
KÄ660TI13;KÄ;Kärl;660;TI;Tidningar;13;;;KÄ660TI;0.95;
KÄ660TI26;KÄ;Kärl;660;TI;Tidningar;26;;;KÄ660TI;0.95;
KÄ660TI52;KÄ;Kärl;660;TI;Tidningar;52;;;KÄ660TI;0.95;
KÄ660TIBUD;KÄ;Kärl;660;TI;Tidningar;;BUD;;KÄ660TI;0.90;
KÄ660WE104;KÄ;Kärl;660;;;;;WE104;KÄ660;0.60;Okänd suffix: WE104
KÄ660WE13;KÄ;Kärl;660;;;;;WE13;KÄ660;0.60;Okänd suffix: WE13
KÄ660WE26;KÄ;Kärl;660;;;;;WE26;KÄ660;0.60;Okänd suffix: WE26
KÄ660WE52;KÄ;Kärl;660;;;;;WE52;KÄ660;0.60;Okänd suffix: WE52
KÄ660WEBUD;KÄ;Kärl;660;;;;WEBUD;;KÄ660;0.70;
KÄ660ÖVRIGT;KÄ;Kärl;660;;;;ÖVRIGT;;KÄ660;0.70;
KÄEXTORD;KÄ;Kärl;;;;;EX;TORD;KÄ;0.45;Okänd suffix: TORD | Kärlkod saknar identifierad volym.
KÄLABUD;KÄ;Kärl;;;;;LABUD;;KÄ;0.50;Kärlkod saknar identifierad volym.
KÄLAEXTORD;KÄ;Kärl;;;;;LAEXTORD;;KÄ;0.50;Kärlkod saknar identifierad volym.
KÄMABUD;KÄ;Kärl;;MA;Matavfall;;BUD;;KÄMA;0.70;Kärlkod saknar identifierad volym.
KÄOSBUD;KÄ;Kärl;;;;;OSBUD;;KÄ;0.50;Kärlkod saknar identifierad volym.
KÄREBUD;KÄ;Kärl;;RE;Restavfall;;BUD;;KÄRE;0.70;Kärlkod saknar identifierad volym.
KÄRLBYTE240;KÄ;Kärl;;;;;;RLBYTE240;KÄ;0.40;Okänd suffix: RLBYTE240 | Kärlkod saknar identifierad volym.
KÄRLBYTE660;KÄ;Kärl;;;;;;RLBYTE660;KÄ;0.40;Okänd suffix: RLBYTE660 | Kärlkod saknar identifierad volym.
KÄRLBYTEFLER;KÄ;Kärl;;;;;RLBYTEFLER;;KÄ;0.50;Kärlkod saknar identifierad volym.
KÄRLTVÄTT;KÄ;Kärl;;;;;RLTVÄTT;;KÄ;0.50;Kärlkod saknar identifierad volym.
KÖKSL;;;;;;;KÖKSL;;;0.10;Kunde inte identifiera prefix.
KÖKSLB;;;;;;;KÖKSLB;;;0.10;Kunde inte identifiera prefix.
KÖKSLBUD;;;;;;;KÖKSLBUD;;;0.10;Kunde inte identifiera prefix.
KÖKSLO;;;;;;;KÖKSLO;;;0.10;Kunde inte identifiera prefix.
KÖKSLORD;;;;;;;KÖKSLORD;;;0.10;Kunde inte identifiera prefix.
L;;;;;;;L;;;0.10;Kunde inte identifiera prefix.
LATKOMP;;;;;;;LATKOMP;;;0.10;Kunde inte identifiera prefix.
LATRINBEHÅLL;;;;;;;LATRINBEHÅLL;;;0.10;Kunde inte identifiera prefix.
LD06BR13;;;;;;;;LD06BR13;;0.00;Okänd suffix: LD06BR13 | Kunde inte identifiera prefix.
LÖSTKBMBUD;;;;;;;LÖSTKBMBUD;;;0.10;Kunde inte identifiera prefix.
MANLASTBIL;;;;MA;Matavfall;;NLASTBIL;;MA;0.30;Kunde inte identifiera prefix.
MB1300MA104;;;;;;;;MB1300MA104;;0.00;Okänd suffix: MB1300MA104 | Kunde inte identifiera prefix.
MB1300MA13;;;;;;;;MB1300MA13;;0.00;Okänd suffix: MB1300MA13 | Kunde inte identifiera prefix.
MB1300MA26;;;;;;;;MB1300MA26;;0.00;Okänd suffix: MB1300MA26 | Kunde inte identifiera prefix.
MB1300MA52;;;;;;;;MB1300MA52;;0.00;Okänd suffix: MB1300MA52 | Kunde inte identifiera prefix.
MB1300MABUD;;;;;;;;MB1300MABUD;;0.00;Okänd suffix: MB1300MABUD | Kunde inte identifiera prefix.
MB1300OS104;;;;;;;;MB1300OS104;;0.00;Okänd suffix: MB1300OS104 | Kunde inte identifiera prefix.
MB1300OS13;;;;;;;;MB1300OS13;;0.00;Okänd suffix: MB1300OS13 | Kunde inte identifiera prefix.
MB1300OS26;;;;;;;;MB1300OS26;;0.00;Okänd suffix: MB1300OS26 | Kunde inte identifiera prefix.
MB1300OS52;;;;;;;;MB1300OS52;;0.00;Okänd suffix: MB1300OS52 | Kunde inte identifiera prefix.
MB1300OSBUD;;;;;;;;MB1300OSBUD;;0.00;Okänd suffix: MB1300OSBUD | Kunde inte identifiera prefix.
MB1300RE104;;;;;;;;MB1300RE104;;0.00;Okänd suffix: MB1300RE104 | Kunde inte identifiera prefix.
MB1300RE13;;;;;;;;MB1300RE13;;0.00;Okänd suffix: MB1300RE13 | Kunde inte identifiera prefix.
MB1300RE26;;;;;;;;MB1300RE26;;0.00;Okänd suffix: MB1300RE26 | Kunde inte identifiera prefix.
MB1300RE52;;;;;;;;MB1300RE52;;0.00;Okänd suffix: MB1300RE52 | Kunde inte identifiera prefix.
MB1300REBUD;;;;;;;;MB1300REBUD;;0.00;Okänd suffix: MB1300REBUD | Kunde inte identifiera prefix.
MB1400GF;;;;;;;;MB1400GF;;0.00;Okänd suffix: MB1400GF | Kunde inte identifiera prefix.
MB1400GFTÖM;;;;;;;;MB1400GFTÖM;;0.00;Okänd suffix: MB1400GFTÖM | Kunde inte identifiera prefix.
MB1400GO;;;;;;;;MB1400GO;;0.00;Okänd suffix: MB1400GO | Kunde inte identifiera prefix.
MB1400GOTÖM;;;;;;;;MB1400GOTÖM;;0.00;Okänd suffix: MB1400GOTÖM | Kunde inte identifiera prefix.
MB1400MA;;;;;;;;MB1400MA;;0.00;Okänd suffix: MB1400MA | Kunde inte identifiera prefix.
MB1400MATÖM;;;;;;;;MB1400MATÖM;;0.00;Okänd suffix: MB1400MATÖM | Kunde inte identifiera prefix.
MB1400ME;;;;;;;;MB1400ME;;0.00;Okänd suffix: MB1400ME | Kunde inte identifiera prefix.
MB1400METÖM;;;;;;;;MB1400METÖM;;0.00;Okänd suffix: MB1400METÖM | Kunde inte identifiera prefix.
MB1400TI;;;;;;;;MB1400TI;;0.00;Okänd suffix: MB1400TI | Kunde inte identifiera prefix.
MB1400TITÖM;;;;;;;;MB1400TITÖM;;0.00;Okänd suffix: MB1400TITÖM | Kunde inte identifiera prefix.
MB1400TÖM;;;;;;;;MB1400TÖM;;0.00;Okänd suffix: MB1400TÖM | Kunde inte identifiera prefix.
MB1600MA104;;;;;;;;MB1600MA104;;0.00;Okänd suffix: MB1600MA104 | Kunde inte identifiera prefix.
MB1600MA13;;;;;;;;MB1600MA13;;0.00;Okänd suffix: MB1600MA13 | Kunde inte identifiera prefix.
MB1600MA26;;;;;;;;MB1600MA26;;0.00;Okänd suffix: MB1600MA26 | Kunde inte identifiera prefix.
MB1600MA52;;;;;;;;MB1600MA52;;0.00;Okänd suffix: MB1600MA52 | Kunde inte identifiera prefix.
MB1600MABUD;;;;;;;;MB1600MABUD;;0.00;Okänd suffix: MB1600MABUD | Kunde inte identifiera prefix.
MB1600OS104;;;;;;;;MB1600OS104;;0.00;Okänd suffix: MB1600OS104 | Kunde inte identifiera prefix.
MB1600OS13;;;;;;;;MB1600OS13;;0.00;Okänd suffix: MB1600OS13 | Kunde inte identifiera prefix.
MB1600OS26;;;;;;;;MB1600OS26;;0.00;Okänd suffix: MB1600OS26 | Kunde inte identifiera prefix.
MB1600OS52;;;;;;;;MB1600OS52;;0.00;Okänd suffix: MB1600OS52 | Kunde inte identifiera prefix.
MB1600OSBUD;;;;;;;;MB1600OSBUD;;0.00;Okänd suffix: MB1600OSBUD | Kunde inte identifiera prefix.
MB2200OS104;;;;;;;;MB2200OS104;;0.00;Okänd suffix: MB2200OS104 | Kunde inte identifiera prefix.
MB2200OS13;;;;;;;;MB2200OS13;;0.00;Okänd suffix: MB2200OS13 | Kunde inte identifiera prefix.
MB2200OS26;;;;;;;;MB2200OS26;;0.00;Okänd suffix: MB2200OS26 | Kunde inte identifiera prefix.
MB2200OS52;;;;;;;;MB2200OS52;;0.00;Okänd suffix: MB2200OS52 | Kunde inte identifiera prefix.
MB2200OSBUD;;;;;;;;MB2200OSBUD;;0.00;Okänd suffix: MB2200OSBUD | Kunde inte identifiera prefix.
MB2200RE104;;;;;;;;MB2200RE104;;0.00;Okänd suffix: MB2200RE104 | Kunde inte identifiera prefix.
MB2200RE13;;;;;;;;MB2200RE13;;0.00;Okänd suffix: MB2200RE13 | Kunde inte identifiera prefix.
MB2200RE26;;;;;;;;MB2200RE26;;0.00;Okänd suffix: MB2200RE26 | Kunde inte identifiera prefix.
MB2200RE52;;;;;;;;MB2200RE52;;0.00;Okänd suffix: MB2200RE52 | Kunde inte identifiera prefix.
MB2200REBUD;;;;;;;;MB2200REBUD;;0.00;Okänd suffix: MB2200REBUD | Kunde inte identifiera prefix.
MB2600PA;;;;;;;;MB2600PA;;0.00;Okänd suffix: MB2600PA | Kunde inte identifiera prefix.
MB2600PATÖM;;;;;;;;MB2600PATÖM;;0.00;Okänd suffix: MB2600PATÖM | Kunde inte identifiera prefix.
MB2600PL;;;;;;;;MB2600PL;;0.00;Okänd suffix: MB2600PL | Kunde inte identifiera prefix.
MB2600PLTÖM;;;;;;;;MB2600PLTÖM;;0.00;Okänd suffix: MB2600PLTÖM | Kunde inte identifiera prefix.
MB2600RE;;;;;;;;MB2600RE;;0.00;Okänd suffix: MB2600RE | Kunde inte identifiera prefix.
MB2600RETÖM;;;;;;;;MB2600RETÖM;;0.00;Okänd suffix: MB2600RETÖM | Kunde inte identifiera prefix.
MB3200OS104;;;;;;;;MB3200OS104;;0.00;Okänd suffix: MB3200OS104 | Kunde inte identifiera prefix.
MB3200OS13;;;;;;;;MB3200OS13;;0.00;Okänd suffix: MB3200OS13 | Kunde inte identifiera prefix.
MB3200OS26;;;;;;;;MB3200OS26;;0.00;Okänd suffix: MB3200OS26 | Kunde inte identifiera prefix.
MB3200OS52;;;;;;;;MB3200OS52;;0.00;Okänd suffix: MB3200OS52 | Kunde inte identifiera prefix.
MB3200OSBUD;;;;;;;;MB3200OSBUD;;0.00;Okänd suffix: MB3200OSBUD | Kunde inte identifiera prefix.
MB5000OS104;;;;;;;;MB5000OS104;;0.00;Okänd suffix: MB5000OS104 | Kunde inte identifiera prefix.
MB5000OS13;;;;;;;;MB5000OS13;;0.00;Okänd suffix: MB5000OS13 | Kunde inte identifiera prefix.
MB5000OS26;;;;;;;;MB5000OS26;;0.00;Okänd suffix: MB5000OS26 | Kunde inte identifiera prefix.
MB5000OS52;;;;;;;;MB5000OS52;;0.00;Okänd suffix: MB5000OS52 | Kunde inte identifiera prefix.
MB5000OSBUD;;;;;;;;MB5000OSBUD;;0.00;Okänd suffix: MB5000OSBUD | Kunde inte identifiera prefix.
MB5000RE104;;;;;;;;MB5000RE104;;0.00;Okänd suffix: MB5000RE104 | Kunde inte identifiera prefix.
MB5000RE13;;;;;;;;MB5000RE13;;0.00;Okänd suffix: MB5000RE13 | Kunde inte identifiera prefix.
MB5000RE26;;;;;;;;MB5000RE26;;0.00;Okänd suffix: MB5000RE26 | Kunde inte identifiera prefix.
MB5000RE52;;;;;;;;MB5000RE52;;0.00;Okänd suffix: MB5000RE52 | Kunde inte identifiera prefix.
MB5000REBUD;;;;;;;;MB5000REBUD;;0.00;Okänd suffix: MB5000REBUD | Kunde inte identifiera prefix.
MB800MA104;;;;;;;;MB800MA104;;0.00;Okänd suffix: MB800MA104 | Kunde inte identifiera prefix.
MB800MA13;;;;;;;;MB800MA13;;0.00;Okänd suffix: MB800MA13 | Kunde inte identifiera prefix.
MB800MA26;;;;;;;;MB800MA26;;0.00;Okänd suffix: MB800MA26 | Kunde inte identifiera prefix.
MB800MA52;;;;;;;;MB800MA52;;0.00;Okänd suffix: MB800MA52 | Kunde inte identifiera prefix.
MB800MABUD;;;;;;;;MB800MABUD;;0.00;Okänd suffix: MB800MABUD | Kunde inte identifiera prefix.
MBSPRINTER;;;;;;;MBSPRINTER;;;0.10;Kunde inte identifiera prefix.
METALLSKROT;;;;ME;Metallförpackningar;;TALLSKROT;;ME;0.30;Kunde inte identifiera prefix.
MF1;;;;;;;;MF1;;0.00;Okänd suffix: MF1 | Kunde inte identifiera prefix.
MF2;;;;;;;;MF2;;0.00;Okänd suffix: MF2 | Kunde inte identifiera prefix.
MRV03SL;;;;;;;;MRV03SL;;0.00;Okänd suffix: MRV03SL | Kunde inte identifiera prefix.
MRV03SLB;;;;;;;;MRV03SLB;;0.00;Okänd suffix: MRV03SLB | Kunde inte identifiera prefix.
MRV03SLBUD;;;;;;;;MRV03SLBUD;;0.00;Okänd suffix: MRV03SLBUD | Kunde inte identifiera prefix.
MRV03SLO;;;;;;;;MRV03SLO;;0.00;Okänd suffix: MRV03SLO | Kunde inte identifiera prefix.
MRV03SLORD;;;;;;;;MRV03SLORD;;0.00;Okänd suffix: MRV03SLORD | Kunde inte identifiera prefix.
MRV36SL;;;;;;;;MRV36SL;;0.00;Okänd suffix: MRV36SL | Kunde inte identifiera prefix.
MRV36SLB;;;;;;;;MRV36SLB;;0.00;Okänd suffix: MRV36SLB | Kunde inte identifiera prefix.
MRV36SLBUD;;;;;;;;MRV36SLBUD;;0.00;Okänd suffix: MRV36SLBUD | Kunde inte identifiera prefix.
MRV36SLO;;;;;;;;MRV36SLO;;0.00;Okänd suffix: MRV36SLO | Kunde inte identifiera prefix.
MRV36SLORD;;;;;;;;MRV36SLORD;;0.00;Okänd suffix: MRV36SLORD | Kunde inte identifiera prefix.
MRVÖ6SL;;;;;;;;MRVÖ6SL;;0.00;Okänd suffix: MRVÖ6SL | Kunde inte identifiera prefix.
MRVÖ6SLB;;;;;;;;MRVÖ6SLB;;0.00;Okänd suffix: MRVÖ6SLB | Kunde inte identifiera prefix.
MRVÖ6SLBUD;;;;;;;;MRVÖ6SLBUD;;0.00;Okänd suffix: MRVÖ6SLBUD | Kunde inte identifiera prefix.
MRVÖ6SLO;;;;;;;;MRVÖ6SLO;;0.00;Okänd suffix: MRVÖ6SLO | Kunde inte identifiera prefix.
MRVÖ6SLORD;;;;;;;;MRVÖ6SLORD;;0.00;Okänd suffix: MRVÖ6SLORD | Kunde inte identifiera prefix.
NYFF1;;;;;;;;NYFF1;;0.00;Okänd suffix: NYFF1 | Kunde inte identifiera prefix.
NYFF2;;;;;;;;NYFF2;;0.00;Okänd suffix: NYFF2 | Kunde inte identifiera prefix.
NYMAT;;;;;;;NYMAT;;;0.10;Kunde inte identifiera prefix.
NYOSO;;;;;;;NYOSO;;;0.10;Kunde inte identifiera prefix.
NYRES;;;;;;;NYRES;;;0.10;Kunde inte identifiera prefix.
NYRFID;;;;;;;NYRFID;;;0.10;Kunde inte identifiera prefix.
NYTJÄNST;;;;;;;NYTJÄNST;;;0.10;Kunde inte identifiera prefix.
OA;;;;;;;OA;;;0.10;Kunde inte identifiera prefix.
OMKLASS;;;;;;;OMKLASS;;;0.10;Kunde inte identifiera prefix.
ORTRASIGTKÄRL;;;;;;;ORTRASIGTKÄRL;;;0.10;Kunde inte identifiera prefix.
OV;;;;;;;OV;;;0.10;Kunde inte identifiera prefix.
OVA;;;;;;;OVA;;;0.10;Kunde inte identifiera prefix.
PERSONAL;;;;;;;PERSONAL;;;0.10;Kunde inte identifiera prefix.
PERSONBIL;;;;;;;PERSONBIL;;;0.10;Kunde inte identifiera prefix.
PÅMINN;;;;;;;PÅMINN;;;0.10;Kunde inte identifiera prefix.
RBRSL;;;;;;;RBRSL;;;0.10;Kunde inte identifiera prefix.
RBRSLB;;;;;;;RBRSLB;;;0.10;Kunde inte identifiera prefix.
RBRSLBUD;;;;;;;RBRSLBUD;;;0.10;Kunde inte identifiera prefix.
RBRSLO;;;;;;;RBRSLO;;;0.10;Kunde inte identifiera prefix.
RBRSLORD;;;;;;;RBRSLORD;;;0.10;Kunde inte identifiera prefix.
RENH0;;;;RE;Restavfall;;;NH0;RE;0.20;Okänd suffix: NH0 | Kunde inte identifiera prefix.
RES;;;;RE;Restavfall;;S;;RE;0.30;Kunde inte identifiera prefix.
RESTSKULD;;;;RE;Restavfall;;STSKULD;;RE;0.30;Kunde inte identifiera prefix.
RF30BR52;;;;;;;;RF30BR52;;0.00;Okänd suffix: RF30BR52 | Kunde inte identifiera prefix.
RHKORR;;;;;;;RHKORR;;;0.10;Kunde inte identifiera prefix.
RHTILLAV;;;;;;;RHTILLAV;;;0.10;Kunde inte identifiera prefix.
SAMAM;SA;Säck;;MA;Matavfall;;M;;SAMA;0.70;
SAML;SA;Säck;;;;;ML;;SA;0.50;
SAMLB;SA;Säck;;;;;MLB;;SA;0.50;
SAMLF;SA;Säck;;;;;MLF;;SA;0.50;
SLAKUT;SLA;Slam;;;;;KUT;;SLA;0.50;
SLAM;SLA;Slam;;;;;M;;SLA;0.50;
SLAM3;SLA;Slam;;;;;;M3;SLA;0.40;Okänd suffix: M3
SLAM3D;SLA;Slam;;;;;;M3D;SLA;0.40;Okänd suffix: M3D
SLAM6;SLA;Slam;;;;;;M6;SLA;0.40;Okänd suffix: M6
SLAM6D;SLA;Slam;;;;;;M6D;SLA;0.40;Okänd suffix: M6D
SLAMD;SLA;Slam;;;;;MD;;SLA;0.50;
SLAMKOMP;SLA;Slam;;;;;MKOMP;;SLA;0.50;
SLAMTUNNA;SLA;Slam;;;;;MTUNNA;;SLA;0.50;
SLAVROP;SLA;Slam;;;;;VROP;;SLA;0.50;
SLAVSTEG;SLA;Slam;;;;;VSTEG;;SLA;0.50;
SLBEHAVG;SL;Slam;;;;;BEHAVG;;SL;0.50;
SLBOM;SL;Slam;;;;;BOM;;SL;0.50;
SLBUD;SL;Slam;;;;;BUD;;SL;0.50;
SLFRAMKÖR;SL;Slam;;;;;FRAMKÖR;;SL;0.50;
SLMEDDELANDE;SL;Slam;;ME;Metallförpackningar;;DDELANDE;;SLME;0.70;
SLSLANG;SL;Slam;;;;;SLANG;;SL;0.50;
SLSLANGSTAT;SL;Slam;;;;;SLANGSTAT;;SL;0.50;
SLT03SL;SL;Slam;;;;;;T03SL;SL;0.40;Okänd suffix: T03SL
SLT03SLB;SL;Slam;;;;;;T03SLB;SL;0.40;Okänd suffix: T03SLB
SLT03SLBUD;SL;Slam;;;;;;T03SLBUD;SL;0.40;Okänd suffix: T03SLBUD
SLT03SLO;SL;Slam;;;;;;T03SLO;SL;0.40;Okänd suffix: T03SLO
SLT03SLORD;SL;Slam;;;;;;T03SLORD;SL;0.40;Okänd suffix: T03SLORD
SLT36SL;SL;Slam;;;;;;T36SL;SL;0.40;Okänd suffix: T36SL
SLT36SLB;SL;Slam;;;;;;T36SLB;SL;0.40;Okänd suffix: T36SLB
SLT36SLBUD;SL;Slam;;;;;;T36SLBUD;SL;0.40;Okänd suffix: T36SLBUD
SLT36SLO;SL;Slam;;;;;;T36SLO;SL;0.40;Okänd suffix: T36SLO
SLT36SLORD;SL;Slam;;;;;;T36SLORD;SL;0.40;Okänd suffix: T36SLORD
SLTIMTID;SL;Slam;;TI;Tidningar;;MTID;;SLTI;0.70;
SLTOAVAGN;SL;Slam;;;;;TOAVAGN;;SL;0.50;
SLTUNGTL;SL;Slam;;;;;TUNGTL;;SL;0.50;
SLTUNGTLOCK;SL;Slam;;;;;TUNGTLOCK;;SL;0.50;
SLTÖ6SL;SL;Slam;;;;;;TÖ6SL;SL;0.40;Okänd suffix: TÖ6SL
SLTÖ6SLB;SL;Slam;;;;;;TÖ6SLB;SL;0.40;Okänd suffix: TÖ6SLB
SLTÖ6SLBUD;SL;Slam;;;;;;TÖ6SLBUD;SL;0.40;Okänd suffix: TÖ6SLBUD
SLTÖ6SLO;SL;Slam;;;;;;TÖ6SLO;SL;0.40;Okänd suffix: TÖ6SLO
SLTÖ6SLORD;SL;Slam;;;;;;TÖ6SLORD;SL;0.40;Okänd suffix: TÖ6SLORD
SLÖVERKBM;SL;Slam;;;;;ÖVERKBM;;SL;0.50;
SORTERING;;;;;;;SORTERING;;;0.10;Kunde inte identifiera prefix.
SPOLVAGN;;;;;;;SPOLVAGN;;;0.10;Kunde inte identifiera prefix.
SlamInfo;SLA;Slam;;;;;MINFO;;SLA;0.50;
SÄ160OS104;SÄ;Säck;160;;;;;OS104;SÄ160;0.60;Okänd suffix: OS104
SÄ160OS11S;SÄ;Säck;160;;;;;OS11S;SÄ160;0.60;Okänd suffix: OS11S
SÄ160OS13;SÄ;Säck;160;;;;;OS13;SÄ160;0.60;Okänd suffix: OS13
SÄ160OS156;SÄ;Säck;160;;;;;OS156;SÄ160;0.60;Okänd suffix: OS156
SÄ160OS22S;SÄ;Säck;160;;;;;OS22S;SÄ160;0.60;Okänd suffix: OS22S
SÄ160OS26;SÄ;Säck;160;;;;;OS26;SÄ160;0.60;Okänd suffix: OS26
SÄ160OS44S;SÄ;Säck;160;;;;;OS44S;SÄ160;0.60;Okänd suffix: OS44S
SÄ160OS52;SÄ;Säck;160;;;;;OS52;SÄ160;0.60;Okänd suffix: OS52
SÄ160OS6S;SÄ;Säck;160;;;;;OS6S;SÄ160;0.60;Okänd suffix: OS6S
TBL;;;;;;;TBL;;;0.10;Kunde inte identifiera prefix.
TBOM;;;;;;;TBOM;;;0.10;Kunde inte identifiera prefix.
TCOTIM;;;;;;;TCOTIM;;;0.10;Kunde inte identifiera prefix.
TEST 370VV;;;;;;;;TEST370VV;;0.00;Okänd suffix: TEST370VV | Kunde inte identifiera prefix.
TEST240METE13;;;;;;;;TEST240METE13;;0.00;Okänd suffix: TEST240METE13 | Kunde inte identifiera prefix.
TEST240OFFG13;;;;;;;;TEST240OFFG13;;0.00;Okänd suffix: TEST240OFFG13 | Kunde inte identifiera prefix.
TFB;;;;;;;TFB;;;0.10;Kunde inte identifiera prefix.
TFL;;;;;;;TFL;;;0.10;Kunde inte identifiera prefix.
TILLGODO;;;;TI;Tidningar;;LLGODO;;TI;0.30;Kunde inte identifiera prefix.
TINTAGCO;;;;TI;Tidningar;;NTAGCO;;TI;0.30;Kunde inte identifiera prefix.
TINTAGKÄ;;;;TI;Tidningar;;NTAGKÄ;;TI;0.30;Kunde inte identifiera prefix.
TLD;;;;;;;TLD;;;0.10;Kunde inte identifiera prefix.
TLEVERANS;;;;;;;TLEVERANS;;;0.10;Kunde inte identifiera prefix.
TLV;;;;;;;TLV;;;0.10;Kunde inte identifiera prefix.
TRÄBEHANDL;;;;TR;Träavfall;;ÄBEHANDL;;TR;0.30;Kunde inte identifiera prefix.
TRÄDGÅRDBUD;;;;TR;Träavfall;;ÄDGÅRDBUD;;TR;0.30;Kunde inte identifiera prefix.
TRÄRENT;;;;TR;Träavfall;;ÄRENT;;TR;0.30;Kunde inte identifiera prefix.
TSBTIM;;;;;;;TSBTIM;;;0.10;Kunde inte identifiera prefix.
TUTSTÄLLCO;;;;;;;TUTSTÄLLCO;;;0.10;Kunde inte identifiera prefix.
TUTSTÄLLKÄ;;;;;;;TUTSTÄLLKÄ;;;0.10;Kunde inte identifiera prefix.
Tungt lock;;;;;;;TUNGTLOCK;;;0.10;Kunde inte identifiera prefix.
UJ1500GF;;;;;;;;UJ1500GF;;0.00;Okänd suffix: UJ1500GF | Kunde inte identifiera prefix.
UJ1500GFTÖM;;;;;;;;UJ1500GFTÖM;;0.00;Okänd suffix: UJ1500GFTÖM | Kunde inte identifiera prefix.
UJ1500GO;;;;;;;;UJ1500GO;;0.00;Okänd suffix: UJ1500GO | Kunde inte identifiera prefix.
UJ1500GOTÖM;;;;;;;;UJ1500GOTÖM;;0.00;Okänd suffix: UJ1500GOTÖM | Kunde inte identifiera prefix.
UJ1500ME;;;;;;;;UJ1500ME;;0.00;Okänd suffix: UJ1500ME | Kunde inte identifiera prefix.
UJ1500METÖM;;;;;;;;UJ1500METÖM;;0.00;Okänd suffix: UJ1500METÖM | Kunde inte identifiera prefix.
UJ1500TI;;;;;;;;UJ1500TI;;0.00;Okänd suffix: UJ1500TI | Kunde inte identifiera prefix.
UJ1500TITÖM;;;;;;;;UJ1500TITÖM;;0.00;Okänd suffix: UJ1500TITÖM | Kunde inte identifiera prefix.
UJ3200PL;;;;;;;;UJ3200PL;;0.00;Okänd suffix: UJ3200PL | Kunde inte identifiera prefix.
UJ3200PLTÖM;;;;;;;;UJ3200PLTÖM;;0.00;Okänd suffix: UJ3200PLTÖM | Kunde inte identifiera prefix.
UJ3200RE;;;;;;;;UJ3200RE;;0.00;Okänd suffix: UJ3200RE | Kunde inte identifiera prefix.
UJ3200RETÖM;;;;;;;;UJ3200RETÖM;;0.00;Okänd suffix: UJ3200RETÖM | Kunde inte identifiera prefix.
UJ5000PA;;;;;;;;UJ5000PA;;0.00;Okänd suffix: UJ5000PA | Kunde inte identifiera prefix.
UJ5000PATÖM;;;;;;;;UJ5000PATÖM;;0.00;Okänd suffix: UJ5000PATÖM | Kunde inte identifiera prefix.
UJ5000PL;;;;;;;;UJ5000PL;;0.00;Okänd suffix: UJ5000PL | Kunde inte identifiera prefix.
UJ5000PLTÖM;;;;;;;;UJ5000PLTÖM;;0.00;Okänd suffix: UJ5000PLTÖM | Kunde inte identifiera prefix.
UJ800MA;;;;;;;;UJ800MA;;0.00;Okänd suffix: UJ800MA | Kunde inte identifiera prefix.
UJ800MATÖM;;;;;;;;UJ800MATÖM;;0.00;Okänd suffix: UJ800MATÖM | Kunde inte identifiera prefix.
UPPEHÅLL;;;;;;;UPPEHÅLL;;;0.10;Kunde inte identifiera prefix.
UTEDASS;;;;;;;UTEDASS;;;0.10;Kunde inte identifiera prefix.
V;;;;;;;V;;;0.10;Kunde inte identifiera prefix.
VA;;;;;;;VA;;;0.10;Kunde inte identifiera prefix.
VAF;;;;;;;VAF;;;0.10;Kunde inte identifiera prefix.
VAFP;;;;;;;VAFP;;;0.10;Kunde inte identifiera prefix.
VAK;;;;;;;VAK;;;0.10;Kunde inte identifiera prefix.
VAK2;;;;;;;;VAK2;;0.00;Okänd suffix: VAK2 | Kunde inte identifiera prefix.
VAL2;;;;;;;;VAL2;;0.00;Okänd suffix: VAL2 | Kunde inte identifiera prefix.
VAL3;;;;;;;;VAL3;;0.00;Okänd suffix: VAL3 | Kunde inte identifiera prefix.
VAOB;;;;;;;VAOB;;;0.10;Kunde inte identifiera prefix.
VAOBF;;;;;;;VAOBF;;;0.10;Kunde inte identifiera prefix.
VATILLAV;;;;;;;VATILLAV;;;0.10;Kunde inte identifiera prefix.
VAUM;;;;;;;VAUM;;;0.10;Kunde inte identifiera prefix.
VAUMC;;;;;;;VAUMC;;;0.10;Kunde inte identifiera prefix.
VAUMF;;;;;;;VAUMF;;;0.10;Kunde inte identifiera prefix.
VF;;;;;;;VF;;;0.10;Kunde inte identifiera prefix.
VIKTGF;;;;;;;VIKTGF;;;0.10;Kunde inte identifiera prefix.
VIKTGO;;;;;;;VIKTGO;;;0.10;Kunde inte identifiera prefix.
VIKTMA;;;;;;;VIKTMA;;;0.10;Kunde inte identifiera prefix.
VIKTMAREST;;;;;;;VIKTMAREST;;;0.10;Kunde inte identifiera prefix.
VIKTMAT;;;;;;;VIKTMAT;;;0.10;Kunde inte identifiera prefix.
VIKTME;;;;;;;VIKTME;;;0.10;Kunde inte identifiera prefix.
VIKTPA;;;;;;;VIKTPA;;;0.10;Kunde inte identifiera prefix.
VIKTPL;;;;;;;VIKTPL;;;0.10;Kunde inte identifiera prefix.
VIKTRE;;;;;;;VIKTRE;;;0.10;Kunde inte identifiera prefix.
VIKTREST;;;;;;;VIKTREST;;;0.10;Kunde inte identifiera prefix.
VIKTTI;;;;;;;VIKTTI;;;0.10;Kunde inte identifiera prefix.
VOBF;;;;;;;VOBF;;;0.10;Kunde inte identifiera prefix.
VOLVOL60G;;;;;;;;VOLVOL60G;;0.00;Okänd suffix: VOLVOL60G | Kunde inte identifiera prefix.
ÄNDRAVG;;;;;;;ÄNDRAVG;;;0.10;Kunde inte identifiera prefix.
ÄNDRING;;;;;;;ÄNDRING;;;0.10;Kunde inte identifiera prefix.
ÅBEHGF;;;;;;;ÅBEHGF;;;0.10;Kunde inte identifiera prefix.
ÅBEHGO;;;;;;;ÅBEHGO;;;0.10;Kunde inte identifiera prefix.
ÅBEHME;;;;;;;ÅBEHME;;;0.10;Kunde inte identifiera prefix.
ÅBEHPA;;;;;;;ÅBEHPA;;;0.10;Kunde inte identifiera prefix.
ÅBEHPL;;;;;;;ÅBEHPL;;;0.10;Kunde inte identifiera prefix.
ÅBUDGF;;;;;;;ÅBUDGF;;;0.10;Kunde inte identifiera prefix.
ÅBUDGO;;;;;;;ÅBUDGO;;;0.10;Kunde inte identifiera prefix.
ÅBUDME;;;;;;;ÅBUDME;;;0.10;Kunde inte identifiera prefix.
ÅBUDPA;;;;;;;ÅBUDPA;;;0.10;Kunde inte identifiera prefix.
ÅBUDPL;;;;;;;ÅBUDPL;;;0.10;Kunde inte identifiera prefix.
ÅBUDRE;;;;;;;ÅBUDRE;;;0.10;Kunde inte identifiera prefix.
ÅBUDVI;;;;;;;ÅBUDVI;;;0.10;Kunde inte identifiera prefix.
ÅFYLL;;;;;;;ÅFYLL;;;0.10;Kunde inte identifiera prefix.
ÅRENH;;;;;;;ÅRENH;;;0.10;Kunde inte identifiera prefix.
ÅTÖMGF;;;;;;;ÅTÖMGF;;;0.10;Kunde inte identifiera prefix.
ÅTÖMGO;;;;;;;ÅTÖMGO;;;0.10;Kunde inte identifiera prefix.
ÅTÖMME;;;;;;;ÅTÖMME;;;0.10;Kunde inte identifiera prefix.
ÅTÖMPA;;;;;;;ÅTÖMPA;;;0.10;Kunde inte identifiera prefix.
ÅTÖMPL;;;;;;;ÅTÖMPL;;;0.10;Kunde inte identifiera prefix.
ÅVINH;;;;;;;ÅVINH;;;0.10;Kunde inte identifiera prefix.
ÅVSGF;;;;;;;ÅVSGF;;;0.10;Kunde inte identifiera prefix.
ÅVSGO;;;;;;;ÅVSGO;;;0.10;Kunde inte identifiera prefix.
ÅVSME;;;;;;;ÅVSME;;;0.10;Kunde inte identifiera prefix.
ÅVSPA;;;;;;;ÅVSPA;;;0.10;Kunde inte identifiera prefix.
ÅVSPL;;;;;;;ÅVSPL;;;0.10;Kunde inte identifiera prefix.
ÅVSRE;;;;;;;ÅVSRE;;;0.10;Kunde inte identifiera prefix.
ÅVSVI;;;;;;;ÅVSVI;;;0.10;Kunde inte identifiera prefix.
